plan_id,crop_id,crop_name,season,primary_output,district,state,farming_type,company_id,completed_activities,total_activities,completed_activities_with_p_remarks
25,802,AMARANTHUS GRN/RED (RA),KH,4000.00,NORTH WEST DELHI,DELHI,N,1000,15,16,0
45,812,CAULIFLOWER (RA),RA,1.00,NORTH WEST DELHI,DELHI,N,1000,25,79,0
91,805,BEETROOT (RA),KH,2650.00,NORTH DELHI,DELHI,N,2000,22,46,0
95,805,BEETROOT (RA),RA,1582.00,NORTH DELHI,DELHI,N,2000,17,40,0
97,810,SPINACH (RA),KH,3000.00,NORTH DELHI,DELHI,N,2000,33,42,0
98,810,SPINACH (RA),KH,3000.00,NORTH DELHI,DELHI,N,2000,33,42,0
99,805,BEETROOT (RA),RA,432.00,NORTH DELHI,DELHI,N,2000,14,40,0
131,810,SPINACH (RA),RA,570.00,SONIPAT,HARYANA,N,2000,20,42,0
184,810,SPINACH (RA),RA,1700.00,NORTH DELHI,DELHI,N,2000,27,31,0
193,812,CAULIFLOWER (RA),RA,11590.00,NORTH DELHI,DELHI,N,2000,53,101,0
194,815,CARROT - RED (RA),RA,3440.00,SONIPAT,HARYANA,N,2000,36,85,0
207,810,SPINACH (RA),RA,1000.00,NORTH DELHI,DELHI,N,2000,31,34,0
208,819,POTATO (RA),RA,6102.00,NORTH DELHI,DELHI,N,2000,50,71,0
216,819,POTATO (RA),RA,9350.00,NORTH DELHI,DELHI,N,2000,30,73,0
217,805,BEETROOT (RA),RA,1137.00,NORTH DELHI,DELHI,N,2000,31,67,0
218,812,CAULIFLOWER (RA),RA,688.00,NORTH DELHI,DELHI,N,2000,59,102,0
229,809,BABY CORN (RA),KH,1.00,NORTH WEST DELHI,DELHI,N,1000,30,45,0
243,805,BEETROOT (RA),RA,1990.00,NORTH DELHI,DELHI,N,2000,38,66,0
244,810,SPINACH (RA),RA,1840.00,NORTH DELHI,DELHI,N,2000,26,32,0
245,811,CABBAGE (RA),RA,4610.00,NORTH DELHI,DELHI,N,2000,42,82,0
246,819,POTATO (RA),RA,27600.00,NORTH DELHI,DELHI,N,2000,39,74,0
247,819,POTATO (RA),RA,7460.00,NORTH DELHI,DELHI,N,2000,30,74,0
249,811,CABBAGE (RA),RA,7410.00,SONIPAT,HARYANA,N,2000,48,81,0
250,810,SPINACH (RA),RA,1160.00,SONIPAT,HARYANA,N,2000,27,32,0
253,819,POTATO (RA),RA,10500.00,SONIPAT,HARYANA,N,2000,31,64,0
258,811,CABBAGE (RA),RA,9960.00,NORTH DELHI,DELHI,N,2000,42,80,0
259,819,POTATO (RA),RA,10300.00,NORTH DELHI,DELHI,N,2000,35,73,0
260,819,POTATO (RA),RA,9910.00,SONIPAT,HARYANA,N,2000,46,65,0
270,819,POTATO (RA),RA,12500.00,SONIPAT,HARYANA,N,2000,29,65,0
272,811,CABBAGE (RA),RA,3557.00,NORTH DELHI,DELHI,N,2000,43,81,0
273,808,CORN SWEET (RA),RA,1678.00,NORTH DELHI,DELHI,N,2000,43,49,0
274,815,CARROT - RED (RA),RA,4583.00,NORTH DELHI,DELHI,N,2000,32,84,0
277,827,MUSTARD LEAF (RA),RA,500.00,NORTH DELHI,DELHI,N,1000,25,44,0
278,826,SPRING ONION (RA),RA,3800.00,NORTH DELHI,DELHI,N,1000,48,61,0
293,67,BANANA,KH,2.00,BAGALKOT,KARNATAKA,C,1000,16,192,0
296,172,CORIANDER – Leaf,RA,18000.00,BAGALKOT,KARNATAKA,C,1000,21,22,0
302,133,GREEN CHILLI,ZA,2.00,BAGALKOT,KARNATAKA,C,1000,42,173,0
303,172,CORIANDER – Leaf,RA,9000.00,BAGALKOT,KARNATAKA,C,1000,23,23,0
305,833,KNOL KHOL (RA),RA,2255.00,NORTH DELHI,DELHI,N,2000,47,59,0
308,826,SPRING ONION (RA),RA,774.00,NORTH DELHI,DELHI,N,2000,27,50,0
316,812,CAULIFLOWER (RA),RA,5060.00,SONIPAT,HARYANA,N,2000,64,100,0
317,819,POTATO (RA),RA,3890.00,NORTH DELHI,DELHI,N,2000,24,66,0
325,828,FENUGREEK (RA),RA,326.00,NORTH DELHI,DELHI,N,2000,22,34,0
326,810,SPINACH (RA),RA,1536.00,NORTH DELHI,DELHI,N,2000,21,32,0
327,810,SPINACH (RA),RA,2674.00,NORTH DELHI,DELHI,N,2000,28,32,0
328,811,CABBAGE (RA),RA,5636.00,NORTH DELHI,DELHI,N,2000,59,72,0
329,805,BEETROOT (RA),RA,332.00,NORTH DELHI,DELHI,N,2000,47,52,0
330,810,SPINACH (RA),RA,2674.00,NORTH DELHI,DELHI,N,2000,21,33,0
331,819,POTATO (RA),RA,5025.00,NORTH DELHI,DELHI,N,2000,53,74,0
332,832,BROCCOLI (RA),RA,331.00,NORTH DELHI,DELHI,N,2000,47,69,0
334,811,CABBAGE (RA),RA,774.00,NORTH DELHI,DELHI,N,2000,58,80,0
343,832,BROCCOLI (RA),RA,297.00,NORTH DELHI,DELHI,N,2000,56,69,0
344,819,POTATO (RA),RA,4901.00,NORTH DELHI,DELHI,N,2000,61,75,0
346,805,BEETROOT (RA),RA,3660.00,SONIPAT,HARYANA,N,2000,45,52,0
366,819,POTATO (RA),RA,10000.00,NORTH DELHI,DELHI,N,2000,48,64,0
367,811,CABBAGE (RA),RA,1850.00,NORTH DELHI,DELHI,N,2000,61,81,0
425,801,TOMATO HYBRID (RA),ZA,4146.50,JHUNJHUNU,RAJASTHAN,N,2000,65,112,0
428,810,SPINACH (RA),ZA,1439.00,NORTH DELHI,DELHI,N,2000,25,36,0
434,807,BOTTLEGOURD (RA),ZA,104.00,NORTH DELHI,DELHI,N,2000,33,105,0
452,817,CHILLI - GREEN,ZA,2000.00,PUNE,MAHARASHTRA,N,2000,102,163,0
453,801,TOMATO HYBRID (RA),ZA,7000.00,PUNE,MAHARASHTRA,N,2000,75,100,0
454,818,ONION - RED (RA),RA,7000.00,PUNE,MAHARASHTRA,N,2000,58,85,0
455,801,TOMATO HYBRID (RA),ZA,5859.00,PUNE,MAHARASHTRA,N,2000,69,109,0
458,807,BOTTLEGOURD (RA),ZA,131.80,NORTH DELHI,DELHI,N,2000,38,106,0
459,807,BOTTLEGOURD (RA),ZA,159.60,NORTH DELHI,DELHI,N,2000,34,106,0
460,807,BOTTLEGOURD (RA),ZA,136.40,NORTH DELHI,DELHI,N,2000,30,105,0
463,824,CORIANDER – Leaf (RA),ZA,159.00,NORTH DELHI,DELHI,N,2000,12,27,0
468,831,WATERMELON (RA),ZA,710.00,JHUNJHUNU,RAJASTHAN,N,2000,54,87,0
469,835,PUMPKIN - GREEN (RA),ZA,2211.00,JHUNJHUNU,RAJASTHAN,N,2000,69,105,0
471,810,SPINACH (RA),RA,1250.00,SONIPAT,HARYANA,N,2000,16,33,0
473,831,WATERMELON (RA),ZA,15812.00,JHUNJHUNU,RAJASTHAN,N,2000,46,89,0
477,806,BITTERGOURD (RA),ZA,6000.00,PUNE,MAHARASHTRA,N,2000,77,114,0
478,831,WATERMELON (RA),ZA,961.00,JHUNJHUNU,RAJASTHAN,N,2000,51,89,0
479,824,CORIANDER – Leaf (RA),ZA,2756.00,NORTH DELHI,DELHI,N,2000,13,26,0
481,825,CUCUMBER HYBRID (RA),ZA,12656.00,NORTH DELHI,DELHI,N,2000,44,85,0
485,810,SPINACH (RA),ZA,3455.00,NORTH DELHI,DELHI,N,2000,23,36,0
486,842,SPONGE GOURD (RA),ZA,10289.00,NORTH DELHI,DELHI,N,2000,104,240,0
487,803,LADY FINGER (RA),ZA,7963.00,NORTH DELHI,DELHI,N,2000,52,85,0
491,803,LADY FINGER (RA),ZA,3407.00,NORTH DELHI,DELHI,N,2000,53,85,0
492,803,LADY FINGER (RA),ZA,7084.50,NORTH DELHI,DELHI,N,2000,51,85,0
493,825,CUCUMBER HYBRID (RA),ZA,5995.00,NORTH DELHI,DELHI,N,2000,31,84,0
520,805,BEETROOT (RA),ZA,1601.00,NORTH DELHI,DELHI,N,2000,31,54,0
528,808,CORN SWEET (RA),ZA,4632.00,SONIPAT,HARYANA,N,2000,18,49,0
544,824,CORIANDER – Leaf (RA),ZA,1102.00,NORTH DELHI,DELHI,N,2000,15,27,0
545,824,CORIANDER – Leaf (RA),ZA,600.00,NORTH DELHI,DELHI,N,2000,14,26,0
556,831,WATERMELON (RA),ZA,1084.00,NORTH DELHI,DELHI,N,2000,53,77,0
563,831,WATERMELON (RA),ZA,42749.70,SONIPAT,HARYANA,N,2000,39,70,0
566,825,CUCUMBER HYBRID (RA),ZA,774.00,NORTH DELHI,DELHI,N,2000,36,85,0
567,842,SPONGE GOURD (RA),ZA,7494.00,NORTH DELHI,DELHI,N,2000,69,237,0
568,826,SPRING ONION (RA),ZA,2668.00,NORTH DELHI,DELHI,N,2000,19,41,0
579,808,CORN SWEET (RA),ZA,4870.00,NORTH DELHI,DELHI,N,2000,24,50,0
581,810,SPINACH (RA),ZA,2447.00,NORTH DELHI,DELHI,N,2000,19,37,0
582,842,SPONGE GOURD (RA),ZA,1131.00,NORTH DELHI,DELHI,N,2000,144,240,0
585,806,BITTERGOURD (RA),ZA,3377.50,SONIPAT,HARYANA,N,2000,64,110,0
586,824,CORIANDER – Leaf (RA),ZA,781.00,SONIPAT,HARYANA,N,2000,19,27,0
587,842,SPONGE GOURD (RA),ZA,8110.00,SONIPAT,HARYANA,N,2000,77,237,0
591,808,CORN SWEET (RA),ZA,1794.00,SONIPAT,HARYANA,N,2000,14,46,0
592,807,BOTTLEGOURD (RA),ZA,1062.00,NORTH DELHI,DELHI,N,2000,79,105,0
593,806,BITTERGOURD (RA),ZA,54.00,NORTH DELHI,DELHI,N,2000,78,109,0
594,842,SPONGE GOURD (RA),ZA,660.00,NORTH DELHI,DELHI,N,2000,132,240,0
597,842,SPONGE GOURD (RA),ZA,12.00,NORTH DELHI,DELHI,N,2000,111,240,0
602,810,SPINACH (RA),ZA,1001.00,NORTH DELHI,DELHI,N,2000,20,35,0
603,807,BOTTLEGOURD (RA),ZA,2390.00,NORTH DELHI,DELHI,N,2000,74,105,0
604,842,SPONGE GOURD (RA),ZA,2584.00,NORTH DELHI,DELHI,N,2000,98,252,0
606,825,CUCUMBER HYBRID (RA),ZA,137.00,SONIPAT,HARYANA,N,2000,36,87,0
613,807,BOTTLEGOURD (RA),ZA,3629.00,NORTH DELHI,DELHI,N,2000,73,106,0
614,842,SPONGE GOURD (RA),ZA,3252.00,NORTH DELHI,DELHI,N,2000,135,237,0
616,808,CORN SWEET (RA),ZA,4111.00,NORTH DELHI,DELHI,N,2000,13,49,0
620,825,CUCUMBER HYBRID (RA),ZA,6621.00,SONIPAT,HARYANA,N,2000,40,86,0
622,803,LADY FINGER (RA),ZA,23523.00,NORTH DELHI,DELHI,N,2000,46,87,0
641,811,CABBAGE (RA),ZA,7519.00,PUNE,MAHARASHTRA,N,2000,41,54,0
660,807,BOTTLEGOURD (RA),ZA,308.00,NORTH DELHI,DELHI,N,2000,44,105,0
662,824,CORIANDER – Leaf (RA),ZA,677.00,NORTH DELHI,DELHI,N,2000,19,25,0
665,842,SPONGE GOURD (RA),ZA,4773.00,NORTH DELHI,DELHI,N,2000,121,240,0
667,808,CORN SWEET (RA),ZA,4818.00,NORTH DELHI,DELHI,N,2000,23,50,0
669,125,CABBAGE,ZA,100.00,BELGAUM,KARNATAKA,C,1000,22,28,0
675,119,BITTERGOURD,ZA,200.00,BELGAUM,KARNATAKA,C,1000,87,167,0
688,824,CORIANDER – Leaf (RA),ZA,100.00,NORTH DELHI,DELHI,N,2000,18,26,0
690,817,CHILLI - GREEN,ZA,2054.00,JHUNJHUNU,RAJASTHAN,N,2000,113,167,0
692,835,PUMPKIN - GREEN (RA),ZA,2170.00,JHUNJHUNU,RAJASTHAN,N,2000,72,106,0
694,835,PUMPKIN - GREEN (RA),ZA,2450.00,JHUNJHUNU,RAJASTHAN,N,2000,66,101,0
706,831,WATERMELON (RA),ZA,23000.00,JHUNJHUNU,RAJASTHAN,N,2000,40,88,0
717,817,CHILLI - GREEN,ZA,54.00,JHUNJHUNU,RAJASTHAN,N,2000,91,161,0
720,804,CLUSTER BEAN (RA),ZA,39.20,JHUNJHUNU,RAJASTHAN,N,2000,62,92,0
723,817,CHILLI - GREEN,ZA,155.50,JHUNJHUNU,RAJASTHAN,N,2000,105,163,0
724,803,LADY FINGER (RA),ZA,523.00,JHUNJHUNU,RAJASTHAN,N,2000,68,103,0
725,806,BITTERGOURD (RA),ZA,587.50,JHUNJHUNU,RAJASTHAN,N,2000,74,122,0
726,817,CHILLI - GREEN,ZA,1400.00,JHUNJHUNU,RAJASTHAN,N,2000,105,145,0
728,831,WATERMELON (RA),ZA,5398.00,JHUNJHUNU,RAJASTHAN,N,2000,45,88,0
729,817,CHILLI - GREEN,ZA,322.00,SIKAR,RAJASTHAN,N,2000,99,164,0
756,842,SPONGE GOURD (RA),ZA,1964.00,NORTH DELHI,DELHI,N,2000,89,241,0
760,824,CORIANDER – Leaf (RA),ZA,178.00,NORTH DELHI,DELHI,N,2000,18,26,0
761,842,SPONGE GOURD (RA),ZA,7663000.00,NORTH DELHI,DELHI,N,2000,105,241,0
762,810,SPINACH (RA),ZA,2245.00,NORTH DELHI,DELHI,N,2000,22,36,0
763,808,CORN SWEET (RA),ZA,5035.00,NORTH DELHI,DELHI,N,2000,25,50,0
764,810,SPINACH (RA),ZA,2940.00,NORTH DELHI,DELHI,N,2000,20,36,0
772,831,WATERMELON (RA),ZA,3864.50,JHUNJHUNU,RAJASTHAN,N,2000,40,88,0
774,824,CORIANDER – Leaf (RA),ZA,508.00,NORTH DELHI,DELHI,N,2000,16,26,0
779,842,SPONGE GOURD (RA),ZA,1758.00,NORTH DELHI,DELHI,N,2000,39,240,0
781,803,LADY FINGER (RA),ZA,9811.00,NORTH DELHI,DELHI,N,2000,53,87,0
787,807,BOTTLEGOURD (RA),ZA,48.00,NORTH DELHI,DELHI,N,2000,32,105,0
788,835,PUMPKIN - GREEN (RA),ZA,10785.00,NORTH DELHI,DELHI,N,2000,45,90,0
789,841,TOMATO ROUND DESI (RA),ZA,6001.00,NORTH DELHI,DELHI,N,2000,52,100,0
790,835,PUMPKIN - GREEN (RA),ZA,1058.00,SONIPAT,HARYANA,N,2000,33,91,0
792,830,MUSKMELON (RA),ZA,774.00,SIKAR,RAJASTHAN,N,2000,38,71,0
793,801,TOMATO HYBRID (RA),ZA,1103.00,SIKAR,RAJASTHAN,N,2000,64,130,0
794,831,WATERMELON (RA),ZA,4506.00,SIKAR,RAJASTHAN,N,2000,43,97,0
795,824,CORIANDER – Leaf (RA),ZA,884.00,SONIPAT,HARYANA,N,2000,12,26,0
801,824,CORIANDER – Leaf (RA),ZA,289.00,SONIPAT,HARYANA,N,2000,14,26,0
802,835,PUMPKIN - GREEN (RA),ZA,1276.00,SONIPAT,HARYANA,N,2000,28,88,0
804,807,BOTTLEGOURD (RA),ZA,5455.10,SONIPAT,HARYANA,N,2000,47,105,0
807,808,CORN SWEET (RA),ZA,7251.00,SONIPAT,HARYANA,N,2000,20,50,0
811,824,CORIANDER – Leaf (RA),ZA,1200.00,SONIPAT,HARYANA,N,2000,18,27,0
823,817,CHILLI - GREEN,ZA,134.50,JHUNJHUNU,RAJASTHAN,N,2000,98,163,0
836,831,WATERMELON (RA),ZA,2975.00,JHUNJHUNU,RAJASTHAN,N,2000,49,87,0
838,810,SPINACH (RA),ZA,932.00,NORTH DELHI,DELHI,N,2000,19,36,0
839,806,BITTERGOURD (RA),ZA,704.50,NORTH DELHI,DELHI,N,2000,83,108,0
840,807,BOTTLEGOURD (RA),ZA,536.00,NORTH DELHI,DELHI,N,2000,64,106,0
841,835,PUMPKIN - GREEN (RA),ZA,1399.00,NORTH DELHI,DELHI,N,2000,57,90,0
842,824,CORIANDER – Leaf (RA),ZA,1272.00,SONIPAT,HARYANA,N,2000,14,25,0
843,810,SPINACH (RA),ZA,276.00,NORTH DELHI,DELHI,N,2000,24,37,0
846,824,CORIANDER – Leaf (RA),ZA,940.00,SONIPAT,HARYANA,N,2000,11,26,0
847,810,SPINACH (RA),ZA,299.00,SONIPAT,HARYANA,N,2000,15,37,0
851,803,LADY FINGER (RA),ZA,7400.00,NORTH DELHI,DELHI,N,2000,55,87,0
854,803,LADY FINGER (RA),ZA,16071.00,NORTH DELHI,DELHI,N,2000,57,87,0
862,825,CUCUMBER HYBRID (RA),ZA,629.00,NORTH DELHI,DELHI,N,2000,49,87,0
863,802,AMARANTHUS GRN/RED (RA),ZA,5000.00,NORTH DELHI,DELHI,N,1000,12,22,0
864,802,AMARANTHUS GRN/RED (RA),ZA,3800.00,NORTH DELHI,DELHI,N,1000,15,22,0
868,842,SPONGE GOURD (RA),ZA,8227.00,NORTH DELHI,DELHI,N,2000,148,239,0
869,810,SPINACH (RA),ZA,1559.00,NORTH DELHI,DELHI,N,2000,25,37,0
870,803,LADY FINGER (RA),ZA,6434.00,NORTH DELHI,DELHI,N,2000,59,86,0
871,810,SPINACH (RA),ZA,1543.50,NORTH DELHI,DELHI,N,2000,19,36,0
872,803,LADY FINGER (RA),ZA,3647.00,NORTH DELHI,DELHI,N,2000,62,86,0
873,810,SPINACH (RA),ZA,1442.00,NORTH DELHI,DELHI,N,2000,23,37,0
876,803,LADY FINGER (RA),ZA,188.00,NORTH DELHI,DELHI,N,2000,63,85,0
879,807,BOTTLEGOURD (RA),ZA,850.00,NORTH DELHI,DELHI,N,2000,79,105,0
880,835,PUMPKIN - GREEN (RA),ZA,6428.00,NORTH DELHI,DELHI,N,2000,70,89,0
881,807,BOTTLEGOURD (RA),ZA,846.00,SONIPAT,HARYANA,N,2000,64,106,0
888,811,CABBAGE (RA),ZA,1465.00,PUNE,MAHARASHTRA,N,2000,67,78,0
889,808,CORN SWEET (RA),ZA,1400.00,PUNE,MAHARASHTRA,N,2000,33,50,0
890,811,CABBAGE (RA),ZA,15766.00,PUNE,MAHARASHTRA,N,2000,43,59,0
897,813,BEANS - FRENCH (Pole Type) (RA),ZA,60.00,PUNE,MAHARASHTRA,N,2000,69,84,0
898,803,LADY FINGER (RA),ZA,193.00,PUNE,MAHARASHTRA,N,2000,84,122,0
899,820,BRINJAL (RA),ZA,100.00,PUNE,MAHARASHTRA,N,2000,66,106,0
918,810,SPINACH (RA),ZA,920.00,NORTH DELHI,DELHI,N,2000,27,36,0
919,807,BOTTLEGOURD (RA),ZA,607.00,PUNE,MAHARASHTRA,N,2000,93,110,0
926,808,CORN SWEET (RA),ZA,1820.00,PUNE,MAHARASHTRA,N,2000,42,51,0
937,119,BITTERGOURD,ZA,2800.00,BELGAUM,KARNATAKA,C,1000,122,169,0
938,121,BRINJAL,ZA,6000.00,BELGAUM,KARNATAKA,C,1000,41,62,0
940,121,BRINJAL,KH,8000.00,BELGAUM,KARNATAKA,C,1000,36,54,0
946,810,SPINACH (RA),ZA,629.00,NORTH DELHI,DELHI,N,2000,22,37,0
951,803,LADY FINGER (RA),ZA,4531.00,NORTH DELHI,DELHI,N,2000,66,87,0
959,807,BOTTLEGOURD (RA),ZA,1624.00,SONIPAT,HARYANA,N,2000,59,105,0
961,842,SPONGE GOURD (RA),ZA,1864.00,SONIPAT,HARYANA,N,2000,90,256,0
963,810,SPINACH (RA),ZA,1178.00,NORTH DELHI,DELHI,N,2000,20,38,0
969,810,SPINACH (RA),ZA,4047.00,NORTH DELHI,DELHI,N,2000,21,37,0
972,804,CLUSTER BEAN (RA),ZA,680.00,JHUNJHUNU,RAJASTHAN,N,2000,69,92,0
973,803,LADY FINGER (RA),ZA,436.50,JHUNJHUNU,RAJASTHAN,N,2000,67,103,0
978,807,BOTTLEGOURD (RA),ZA,1636.00,JHUNJHUNU,RAJASTHAN,N,2000,82,110,0
983,810,SPINACH (RA),ZA,1800.00,NORTH DELHI,DELHI,N,2000,22,38,0
984,810,SPINACH (RA),ZA,3313.00,NORTH DELHI,DELHI,N,2000,24,38,0
1002,302,BANANA (Nendran),KH,24000.00,THENI,TAMIL NADU,C,3000,58,79,0
1047,835,PUMPKIN - GREEN (RA),ZA,2430.00,PUNE,MAHARASHTRA,N,2000,54,105,0
1051,802,AMARANTHUS GRN/RED (RA),ZA,1500.00,NORTH DELHI,DELHI,N,1000,14,22,0
1054,801,TOMATO HYBRID (RA),KH,600.00,NORTH DELHI,DELHI,N,1000,26,86,0
1064,301,BANANA (G9),KH,148000.00,THENI,TAMIL NADU,C,3000,59,79,0
1072,810,SPINACH (RA),KH,158.00,NORTH DELHI,DELHI,N,2000,18,32,0
1073,810,SPINACH (RA),KH,1193.00,NORTH DELHI,DELHI,N,2000,20,32,0
1074,810,SPINACH (RA),KH,793.00,NORTH DELHI,DELHI,N,2000,19,32,0
1088,301,BANANA (G9),KH,80000.00,THENI,TAMIL NADU,C,3000,60,84,0
1094,305,BANANA (Njalipoovan),KH,500.00,THENI,TAMIL NADU,C,3000,31,49,0
1099,163,TOMATO,KH,13950.00,BELGAUM,KARNATAKA,C,1000,122,139,0
1103,119,BITTERGOURD,KH,630.00,BELGAUM,KARNATAKA,C,1000,155,167,0
1104,118,BHENDI,KH,4000.00,BELGAUM,KARNATAKA,C,1000,47,72,0
1110,808,CORN SWEET (RA),ZA,800.00,PUNE,MAHARASHTRA,N,2000,39,50,0
1111,811,CABBAGE (RA),ZA,7604.00,PUNE,MAHARASHTRA,N,2000,69,78,0
1113,301,BANANA (G9),KH,64000.00,THENI,TAMIL NADU,C,3000,34,36,0
1114,804,CLUSTER BEAN (RA),ZA,283.00,PUNE,MAHARASHTRA,N,2000,72,81,0
1121,810,SPINACH (RA),KH,125.00,SONIPAT,HARYANA,N,2000,16,32,0
1139,810,SPINACH (RA),KH,469.00,NORTH DELHI,DELHI,N,2000,16,34,0
1147,133,GREEN CHILLI,KH,380.00,BELGAUM,KARNATAKA,C,1000,58,87,0
1148,158,RIDGE GOURD,KH,50.00,BELGAUM,KARNATAKA,C,1000,76,120,0
1149,140,CUCUMBER,KH,50.00,BELGAUM,KARNATAKA,C,1000,79,98,0
1151,133,GREEN CHILLI,KH,920.00,BELGAUM,KARNATAKA,C,1000,59,87,0
1152,133,GREEN CHILLI,KH,32.00,BELGAUM,KARNATAKA,C,1000,60,87,0
1154,808,CORN SWEET (RA),KH,3019.00,NORTH DELHI,DELHI,N,2000,21,46,0
1160,825,CUCUMBER HYBRID (RA),KH,752.00,PUNE,MAHARASHTRA,N,2000,66,94,0
1171,2,MAIZE,KH,3000.00,BELGAUM,KARNATAKA,C,1000,16,33,0
1178,163,TOMATO,KH,2500.00,BELGAUM,KARNATAKA,C,1000,118,140,0
1197,811,CABBAGE (RA),KH,351.00,PUNE,MAHARASHTRA,N,2000,52,67,0
1200,813,BEANS - FRENCH (Pole Type) (RA),KH,1143.00,PUNE,MAHARASHTRA,N,2000,79,83,0
1213,128,CAULIFLOWER,KH,100.00,BELGAUM,KARNATAKA,C,1000,30,43,0
1217,128,CAULIFLOWER,KH,22.00,BELGAUM,KARNATAKA,C,1000,30,43,0
1218,118,BHENDI,KH,330.00,BELGAUM,KARNATAKA,C,1000,58,72,0
1220,118,BHENDI,KH,780.00,BELGAUM,KARNATAKA,C,1000,58,72,0
1221,121,BRINJAL,KH,1440.00,BELGAUM,KARNATAKA,C,1000,97,111,0
1231,121,BRINJAL,KH,280.00,BELGAUM,KARNATAKA,C,1000,39,54,0
1246,133,GREEN CHILLI,KH,580.00,BELGAUM,KARNATAKA,C,1000,58,87,0
1247,121,BRINJAL,KH,2200.00,BELGAUM,KARNATAKA,C,1000,39,54,0
1248,121,BRINJAL,KH,1000.00,BELGAUM,KARNATAKA,C,1000,39,54,0
1249,121,BRINJAL,KH,3500.00,BELGAUM,KARNATAKA,C,1000,39,54,0
1261,803,LADY FINGER (RA),ZA,25.00,SONIPAT,HARYANA,N,2000,22,86,0
1264,808,CORN SWEET (RA),KH,112.00,NORTH DELHI,DELHI,N,2000,24,45,0
1272,803,LADY FINGER (RA),KH,125.00,PUNE,MAHARASHTRA,N,2000,3,103,0
1283,143,FRENCH BEAN (Bush Type),KH,300.00,BELGAUM,KARNATAKA,C,1000,47,60,0
1285,140,CUCUMBER,KH,66000.00,BELGAUM,KARNATAKA,C,1000,56,70,0
1286,812,CAULIFLOWER (RA),KH,5390.00,PUNE,MAHARASHTRA,N,2000,39,65,0
1287,808,CORN SWEET (RA),KH,60.00,NORTH DELHI,DELHI,N,2000,18,54,0
1288,227,FRENCH BEAN (Pole Type),KH,1650.00,BELGAUM,KARNATAKA,C,1000,77,90,0
1289,121,BRINJAL,KH,470.00,BELGAUM,KARNATAKA,N,1000,47,59,0
1290,140,CUCUMBER,KH,330.00,BELGAUM,KARNATAKA,N,1000,56,70,0
1291,120,BOTTLEGOURD,KH,370.00,BELGAUM,KARNATAKA,N,1000,71,86,0
1292,125,CABBAGE,KH,16000.00,BELGAUM,KARNATAKA,C,1000,29,42,0
1307,133,GREEN CHILLI,KH,30.00,BELGAUM,KARNATAKA,C,1000,57,87,0
1309,118,BHENDI,KH,500.00,BELGAUM,KARNATAKA,C,1000,58,72,0
1311,133,GREEN CHILLI,KH,640.00,BELGAUM,KARNATAKA,C,1000,60,87,0
1312,120,BOTTLEGOURD,KH,300000.00,BELGAUM,KARNATAKA,C,1000,68,90,0
1314,133,GREEN CHILLI,KH,1.00,BELGAUM,KARNATAKA,C,1000,23,87,0
1315,118,BHENDI,KH,1040.00,BELGAUM,KARNATAKA,C,1000,58,72,0
1316,133,GREEN CHILLI,KH,440.00,BELGAUM,KARNATAKA,C,1000,49,87,0
1317,835,PUMPKIN - GREEN (RA),KH,1690.00,NORTH DELHI,DELHI,N,2000,45,104,0
1318,813,BEANS - FRENCH (Pole Type) (RA),KH,531.00,PUNE,MAHARASHTRA,N,2000,77,83,0
1323,805,BEETROOT (RA),KH,4065.00,PUNE,MAHARASHTRA,N,2000,61,67,0
1325,812,CAULIFLOWER (RA),KH,5000.00,PUNE,MAHARASHTRA,N,2000,39,52,0
1326,810,SPINACH (RA),KH,1018.00,NORTH DELHI,DELHI,N,2000,21,33,0
1329,807,BOTTLEGOURD (RA),KH,7979.00,PUNE,MAHARASHTRA,N,2000,106,111,0
1330,125,CABBAGE,KH,16000.00,BELGAUM,KARNATAKA,C,1000,29,42,0
1340,807,BOTTLEGOURD (RA),KH,1800.00,PUNE,MAHARASHTRA,N,2000,94,111,0
1341,801,TOMATO HYBRID (RA),KH,4000.00,PUNE,MAHARASHTRA,N,2000,78,109,0
1342,808,CORN SWEET (RA),KH,721.00,NORTH DELHI,DELHI,N,2000,21,46,0
1344,808,CORN SWEET (RA),KH,882.00,NORTH DELHI,DELHI,N,2000,16,46,0
1345,810,SPINACH (RA),KH,993.00,NORTH DELHI,DELHI,N,2000,20,31,0
1348,835,PUMPKIN - GREEN (RA),KH,240.00,SONIPAT,HARYANA,N,2000,55,104,0
1349,810,SPINACH (RA),KH,132.00,NORTH DELHI,DELHI,N,2000,22,33,0
1350,807,BOTTLEGOURD (RA),KH,3.00,SONIPAT,HARYANA,N,2000,50,89,0
1353,825,CUCUMBER HYBRID (RA),KH,1047.00,PUNE,MAHARASHTRA,N,2000,49,84,0
1361,125,CABBAGE,KH,20000.00,BELGAUM,KARNATAKA,C,1000,25,42,0
1363,125,CABBAGE,KH,3000.00,BELGAUM,KARNATAKA,C,1000,27,42,0
1364,140,CUCUMBER,KH,2050.00,BELGAUM,KARNATAKA,C,1000,82,98,0
1365,121,BRINJAL,KH,200.00,BELGAUM,KARNATAKA,C,1000,97,111,0
1367,118,BHENDI,KH,800.00,BELGAUM,KARNATAKA,C,1000,58,72,0
1368,140,CUCUMBER,KH,700.00,BELGAUM,KARNATAKA,C,1000,54,70,0
1369,118,BHENDI,KH,500.00,BELGAUM,KARNATAKA,C,1000,77,96,0
1379,227,FRENCH BEAN (Pole Type),KH,5000.00,BELGAUM,KARNATAKA,C,1000,75,87,0
1383,121,BRINJAL,KH,2100.00,BELGAUM,KARNATAKA,C,1000,38,54,0
1384,820,BRINJAL (RA),KH,700.00,PUNE,MAHARASHTRA,N,2000,107,130,0
1385,811,CABBAGE (RA),KH,6384.00,PUNE,MAHARASHTRA,N,2000,54,59,0
1386,834,RADISH (Asiatic) (RA),KH,54.00,JHUNJHUNU,RAJASTHAN,N,2000,40,48,0
1387,121,BRINJAL,KH,270000.00,BELGAUM,KARNATAKA,C,1000,39,54,0
1388,227,FRENCH BEAN (Pole Type),KH,2750.00,BELGAUM,KARNATAKA,C,1000,77,90,0
1390,118,BHENDI,KH,474.00,BELGAUM,KARNATAKA,C,1000,58,72,0
1391,229,LABLAB (Pole Type),KH,100.00,BELGAUM,KARNATAKA,C,1000,69,107,0
1392,118,BHENDI,KH,1800.00,BELGAUM,KARNATAKA,C,1000,58,72,0
1393,118,BHENDI,KH,510.00,BELGAUM,KARNATAKA,C,1000,58,72,0
1394,118,BHENDI,KH,805.00,BELGAUM,KARNATAKA,C,1000,58,72,0
1395,118,BHENDI,KH,6600.00,BELGAUM,KARNATAKA,C,1000,82,96,0
1396,182,TURMERIC,KH,3000.00,BELGAUM,KARNATAKA,C,1000,144,167,0
1397,125,CABBAGE,KH,10000.00,BELGAUM,KARNATAKA,C,1000,31,46,0
1398,163,TOMATO,KH,2000.00,BELGAUM,KARNATAKA,C,1000,122,139,0
1399,121,BRINJAL,KH,2500.00,BELGAUM,KARNATAKA,C,1000,103,135,0
1400,128,CAULIFLOWER,KH,1200.00,BELGAUM,KARNATAKA,C,1000,32,49,0
1401,125,CABBAGE,KH,15000.00,BELGAUM,KARNATAKA,C,1000,30,46,0
1404,808,CORN SWEET (RA),RA,464.00,SONIPAT,HARYANA,N,2000,23,52,0
1405,808,CORN SWEET (RA),RA,558.00,SONIPAT,HARYANA,N,2000,22,52,0
1406,807,BOTTLEGOURD (RA),RA,3414.00,SONIPAT,HARYANA,N,2000,60,89,0
1409,810,SPINACH (RA),RA,1537.00,NORTH DELHI,DELHI,N,2000,20,33,0
1410,163,TOMATO,KH,10000.00,BELGAUM,KARNATAKA,C,1000,108,139,0
1411,182,TURMERIC,KH,3200.00,BELGAUM,KARNATAKA,C,1000,123,151,0
1412,125,CABBAGE,KH,16.00,BELGAUM,KARNATAKA,C,1000,41,61,0
1413,163,TOMATO,KH,8.00,BELGAUM,KARNATAKA,C,1000,122,139,0
1414,133,GREEN CHILLI,KH,4000.00,BELGAUM,KARNATAKA,C,1000,143,163,0
1415,125,CABBAGE,KH,15000.00,BELGAUM,KARNATAKA,C,1000,31,46,0
1416,125,CABBAGE,KH,18000.00,BELGAUM,KARNATAKA,C,1000,40,61,0
1417,125,CABBAGE,KH,6000.00,BELGAUM,KARNATAKA,C,1000,41,61,0
1420,807,BOTTLEGOURD (RA),KH,3665.00,JHUNJHUNU,RAJASTHAN,N,2000,91,111,0
1427,356,RIDGE GOURD (BM1),KH,2.00,BELGAUM,KARNATAKA,C,1000,0,132,0
1428,807,BOTTLEGOURD (RA),KH,3629.00,JHUNJHUNU,RAJASTHAN,N,2000,94,111,0
1434,357,BITTERGOURD (BM1),KH,5.00,BELGAUM,KARNATAKA,C,1000,0,184,0
1435,807,BOTTLEGOURD (RA),KH,3970.00,JHUNJHUNU,RAJASTHAN,N,2000,95,111,0
1436,359,BHENDI (BM1),KH,5.00,BELGAUM,KARNATAKA,C,1000,0,73,0
1437,835,PUMPKIN - GREEN (RA),KH,417.00,JHUNJHUNU,RAJASTHAN,N,2000,76,107,0
1455,354,GREEN CHILLI (BM1),KH,200.00,BELGAUM,KARNATAKA,C,1000,74,85,0
1459,358,TOMATO (BM1),KH,10000.00,BELGAUM,KARNATAKA,C,1000,52,73,0
1462,352,CAULIFLOWER (BM1),KH,9000.00,BELGAUM,KARNATAKA,C,1000,34,42,0
1469,354,GREEN CHILLI (BM1),KH,7000.00,BELGAUM,KARNATAKA,C,1000,144,161,0
1471,229,LABLAB (Pole Type),KH,1100.00,BELGAUM,KARNATAKA,C,1000,93,107,0
1472,209,SUGARCANE - Early,KH,30000.00,BELGAUM,KARNATAKA,C,1000,49,62,0
1475,807,BOTTLEGOURD (RA),KH,9020.00,JHUNJHUNU,RAJASTHAN,N,2000,103,111,0
1476,841,TOMATO ROUND DESI (RA),KH,8386.00,JHUNJHUNU,RAJASTHAN,N,2000,100,109,0
1477,801,TOMATO HYBRID (RA),KH,6896.00,JHUNJHUNU,RAJASTHAN,N,2000,101,109,0
1478,807,BOTTLEGOURD (RA),KH,7370.00,JHUNJHUNU,RAJASTHAN,N,2000,106,111,0
1479,801,TOMATO HYBRID (RA),KH,1933.00,JHUNJHUNU,RAJASTHAN,N,2000,101,109,0
1480,841,TOMATO ROUND DESI (RA),KH,3708.00,JHUNJHUNU,RAJASTHAN,N,2000,101,109,0
1481,834,RADISH (Asiatic) (RA),KH,9.00,JHUNJHUNU,RAJASTHAN,N,2000,38,48,0
1482,812,CAULIFLOWER (RA),KH,2703.00,JHUNJHUNU,RAJASTHAN,N,2000,62,83,0
1483,834,RADISH (Asiatic) (RA),KH,1597.00,JHUNJHUNU,RAJASTHAN,N,2000,39,48,0
1485,805,BEETROOT (RA),KH,2000.00,PUNE,MAHARASHTRA,N,2000,34,52,0
1486,805,BEETROOT (RA),KH,35.00,PUNE,MAHARASHTRA,N,2000,55,60,0
1487,359,BHENDI (BM1),KH,10000.00,BELGAUM,KARNATAKA,C,1000,60,74,0
1489,352,CAULIFLOWER (BM1),KH,22000.00,BELGAUM,KARNATAKA,C,1000,34,42,0
1494,834,RADISH (Asiatic) (RA),KH,2080.00,JHUNJHUNU,RAJASTHAN,N,2000,40,48,0
1495,807,BOTTLEGOURD (RA),KH,6079.00,JHUNJHUNU,RAJASTHAN,N,2000,106,112,0
1497,841,TOMATO ROUND DESI (RA),KH,1142.00,JHUNJHUNU,RAJASTHAN,N,2000,104,110,0
1500,834,RADISH (Asiatic) (RA),KH,33.00,JHUNJHUNU,RAJASTHAN,N,2000,40,48,0
1506,834,RADISH (Asiatic) (RA),KH,1694.00,JHUNJHUNU,RAJASTHAN,N,2000,34,49,0
1507,834,RADISH (Asiatic) (RA),KH,1017.00,JHUNJHUNU,RAJASTHAN,N,2000,28,47,0
1509,811,CABBAGE (RA),KH,3500.00,PUNE,MAHARASHTRA,N,2000,60,70,0
1511,812,CAULIFLOWER (RA),KH,2480.00,JHUNJHUNU,RAJASTHAN,N,2000,45,64,0
1512,801,TOMATO HYBRID (RA),KH,123.00,JHUNJHUNU,RAJASTHAN,N,2000,81,110,0
1514,834,RADISH (Asiatic) (RA),KH,5373.00,JHUNJHUNU,RAJASTHAN,N,2000,45,49,0
1516,835,PUMPKIN - GREEN (RA),RA,2023.00,SONIPAT,HARYANA,N,2000,38,102,0
1537,807,BOTTLEGOURD (RA),KH,9975.00,JHUNJHUNU,RAJASTHAN,N,2000,80,112,0
1538,807,BOTTLEGOURD (RA),KH,6269.00,JHUNJHUNU,RAJASTHAN,N,2000,89,111,0
1539,805,BEETROOT (RA),RA,22.00,NORTH DELHI,DELHI,N,2000,33,53,0
1540,801,TOMATO HYBRID (RA),KH,7520.00,JHUNJHUNU,RAJASTHAN,N,2000,104,110,0
1543,841,TOMATO ROUND DESI (RA),KH,5554.00,JHUNJHUNU,RAJASTHAN,N,2000,86,109,0
1544,841,TOMATO ROUND DESI (RA),KH,5923.00,JHUNJHUNU,RAJASTHAN,N,2000,86,109,0
1547,358,TOMATO (BM1),KH,20000.00,BELGAUM,KARNATAKA,C,1000,106,136,0
1548,227,FRENCH BEAN (Pole Type),KH,2000.00,BELGAUM,KARNATAKA,C,1000,74,87,0
1549,355,CUCUMBER (BM1),KH,700.00,BELGAUM,KARNATAKA,C,1000,92,97,0
1550,358,TOMATO (BM1),KH,5500.00,BELGAUM,KARNATAKA,C,1000,112,136,0
1551,351,CABBAGE (BM1),KH,20000.00,BELGAUM,KARNATAKA,C,1000,34,44,0
1580,351,CABBAGE (BM1),KH,15.00,BELGAUM,KARNATAKA,C,1000,34,42,0
1581,811,CABBAGE (RA),KH,35687.00,PUNE,MAHARASHTRA,N,2000,74,79,0
1583,813,BEANS - FRENCH (Pole Type) (RA),KH,1403.00,PUNE,MAHARASHTRA,N,2000,80,85,0
1584,807,BOTTLEGOURD (RA),KH,2506.00,JHUNJHUNU,RAJASTHAN,N,2000,69,112,0
1585,853,RADISH (Asiatic) (Del/Nwl/Pun-Win),RA,3929.00,JHUNJHUNU,RAJASTHAN,N,2000,46,59,0
1586,354,GREEN CHILLI (BM1),KH,1500.00,BELGAUM,KARNATAKA,C,1000,159,169,0
1589,853,RADISH (Asiatic) (Del/Nwl/Pun-Win),RA,852.00,JHUNJHUNU,RAJASTHAN,N,2000,48,59,0
1590,801,TOMATO HYBRID (RA),KH,2555.00,PUNE,MAHARASHTRA,N,2000,101,109,0
1594,817,CHILLI - GREEN,KH,237.00,PUNE,MAHARASHTRA,N,2000,107,144,0
1595,805,BEETROOT (RA),KH,900.00,PUNE,MAHARASHTRA,N,2000,41,54,0
1596,813,BEANS - FRENCH (Pole Type) (RA),KH,1050.00,PUNE,MAHARASHTRA,N,2000,81,85,0
1597,358,TOMATO (BM1),KH,5000.00,BELGAUM,KARNATAKA,C,1000,63,83,0
1598,353,BRINJAL (BM1),KH,6000.00,BELGAUM,KARNATAKA,C,1000,50,63,0
1600,351,CABBAGE (BM1),KH,24000.00,BELGAUM,KARNATAKA,C,1000,41,50,0
1601,827,MUSTARD LEAF (RA),RA,83.00,SONIPAT,HARYANA,N,2000,19,33,0
1602,860,CAULIFLOWER (Del/Nwl-Win),RA,1391.00,JHUNJHUNU,RAJASTHAN,N,2000,70,97,0
1609,835,PUMPKIN - GREEN (RA),KH,2524.00,NORTH DELHI,DELHI,N,2000,43,105,0
1610,807,BOTTLEGOURD (RA),KH,1344.00,NORTH DELHI,DELHI,N,2000,35,90,0
1612,853,RADISH (Asiatic) (Del/Nwl/Pun-Win),RA,881.00,JHUNJHUNU,RAJASTHAN,N,2000,39,59,0
1614,807,BOTTLEGOURD (RA),KH,1582.00,JHUNJHUNU,RAJASTHAN,N,2000,79,110,0
1615,811,CABBAGE (RA),KH,4300.00,PUNE,MAHARASHTRA,N,2000,54,60,0
1623,358,TOMATO (BM1),KH,1110.00,BELGAUM,KARNATAKA,C,1000,39,68,0
1634,870,CABBAGE (Del/Nwl-Win),RA,347.00,JHUNJHUNU,RAJASTHAN,N,2000,73,91,0
1637,860,CAULIFLOWER (Del/Nwl-Win),RA,749.00,JHUNJHUNU,RAJASTHAN,N,2000,63,83,0
1647,811,CABBAGE (RA),KH,18348.00,PUNE,MAHARASHTRA,N,2000,55,62,0
1648,859,SPINACH (Del/Nwl-Sum/Win),RA,1750.00,NORTH DELHI,DELHI,N,2000,17,40,0
1659,812,CAULIFLOWER (RA),KH,5028.00,PUNE,MAHARASHTRA,N,2000,80,85,0
1660,870,CABBAGE (Del/Nwl-Win),RA,2280.00,JHUNJHUNU,RAJASTHAN,N,2000,75,90,0
1661,853,RADISH (Asiatic) (Del/Nwl/Pun-Win),RA,9817.00,JHUNJHUNU,RAJASTHAN,N,2000,54,60,0
1662,807,BOTTLEGOURD (RA),KH,2383.00,PUNE,MAHARASHTRA,N,2000,105,111,0
1675,180,BLACK PEPPER,KH,1500.00,CHICKMAGALUR1,KARNATAKA,C,1000,14,37,0
1691,189,COFFEE – Arabica,KH,2850.00,CHICKMAGALUR1,KARNATAKA,C,1000,20,55,0
1692,142,COFFEE – Robusta,KH,2400.00,CHICKMAGALUR1,KARNATAKA,C,1000,28,55,0
1694,189,COFFEE – Arabica,KH,200.00,CHICKMAGALUR1,KARNATAKA,C,1000,11,53,0
1695,857,FENUGREEK (Del/Nwl-Win),RA,1872.00,NORTH DELHI,DELHI,N,2000,22,47,0
1701,354,GREEN CHILLI (BM1),RA,14000.00,BELGAUM,KARNATAKA,C,1000,117,120,0
1702,353,BRINJAL (BM1),RA,2100.00,BELGAUM,KARNATAKA,C,1000,118,121,0
1704,870,CABBAGE (Del/Nwl-Win),RA,5870.00,JHUNJHUNU,RAJASTHAN,N,2000,72,90,0
1706,855,BEETROOT (Del/Nwl-Win),RA,603.00,JHUNJHUNU,RAJASTHAN,N,2000,64,103,0
1707,860,CAULIFLOWER (Del/Nwl-Win),RA,3449.00,JHUNJHUNU,RAJASTHAN,N,2000,71,93,0
1708,870,CABBAGE (Del/Nwl-Win),RA,1118.00,SIKAR,RAJASTHAN,N,2000,74,91,0
1710,853,RADISH (Asiatic) (Del/Nwl/Pun-Win),RA,5781.00,SIKAR,RAJASTHAN,N,2000,41,57,0
1711,804,CLUSTER BEAN (RA),KH,175.00,PUNE,MAHARASHTRA,N,2000,64,94,0
1712,358,TOMATO (BM1),KH,3500.00,KOLAR,KARNATAKA,C,4000,125,146,0
1713,354,GREEN CHILLI (BM1),RA,8000.00,BELGAUM,KARNATAKA,C,1000,78,120,0
1714,146,LABLAB (Bush Type),RA,600.00,BELGAUM,KARNATAKA,C,1000,67,69,0
1715,811,CABBAGE (RA),KH,7.00,PUNE,MAHARASHTRA,N,2000,47,57,0
1719,841,TOMATO ROUND DESI (RA),KH,9.00,PUNE,MAHARASHTRA,N,2000,76,111,0
1723,870,CABBAGE (Del/Nwl-Win),RA,1058.00,JHUNJHUNU,RAJASTHAN,N,2000,71,92,0
1724,870,CABBAGE (Del/Nwl-Win),RA,5178.00,JHUNJHUNU,RAJASTHAN,N,2000,72,90,0
1725,860,CAULIFLOWER (Del/Nwl-Win),RA,1809.00,JHUNJHUNU,RAJASTHAN,N,2000,72,97,0
1726,853,RADISH (Asiatic) (Del/Nwl/Pun-Win),RA,2512.00,SIKAR,RAJASTHAN,N,2000,38,59,0
1727,859,SPINACH (Del/Nwl-Sum/Win),RA,870.00,NORTH DELHI,DELHI,N,2000,20,40,0
1729,857,FENUGREEK (Del/Nwl-Win),RA,486.00,SONIPAT,HARYANA,N,2000,19,46,0
1739,117,BEETROOT,RA,6000.00,BELGAUM,KARNATAKA,C,1000,35,35,0
1742,856,CARROT - RED (Del/Nwl-Win),RA,8109.00,SONIPAT,HARYANA,N,2000,39,82,0
1743,137,CLUSTER BEAN,RA,750.00,BELGAUM,KARNATAKA,C,1000,50,59,0
1744,856,CARROT - RED (Del/Nwl-Win),RA,6174.00,SONIPAT,HARYANA,N,2000,39,82,0
1746,860,CAULIFLOWER (Del/Nwl-Win),RA,2288.00,JHUNJHUNU,RAJASTHAN,N,2000,73,83,0
1748,870,CABBAGE (Del/Nwl-Win),RA,2577.00,JHUNJHUNU,RAJASTHAN,N,2000,78,88,0
1750,857,FENUGREEK (Del/Nwl-Win),RA,493.00,NORTH DELHI,DELHI,N,2000,23,47,0
1752,352,CAULIFLOWER (BM1),KH,10000.00,KOLAR,KARNATAKA,C,4000,64,67,0
1754,867,MUSTARD LEAF (Del/Nwl-Win),RA,1327.00,NORTH DELHI,DELHI,N,2000,32,44,0
1755,835,PUMPKIN - GREEN (RA),RA,461.00,NORTH DELHI,DELHI,N,2000,43,103,0
1756,855,BEETROOT (Del/Nwl-Win),RA,4.00,NORTH DELHI,DELHI,N,2000,28,79,0
1759,859,SPINACH (Del/Nwl-Sum/Win),RA,711.00,NORTH DELHI,DELHI,N,2000,16,39,0
1760,859,SPINACH (Del/Nwl-Sum/Win),RA,2369.00,NORTH DELHI,DELHI,N,2000,21,40,0
1761,358,TOMATO (BM1),KH,6500.00,KOLAR,KARNATAKA,C,4000,124,146,0
1763,351,CABBAGE (BM1),KH,15000.00,KOLAR,KARNATAKA,C,4000,63,66,0
1766,358,TOMATO (BM1),KH,10500.00,KOLAR,KARNATAKA,C,4000,124,146,0
1767,358,TOMATO (BM1),KH,5200.00,KOLAR,KARNATAKA,C,4000,124,146,0
1768,358,TOMATO (BM1),KH,8500.00,KOLAR,KARNATAKA,C,4000,83,146,0
1769,358,TOMATO (BM1),KH,8500.00,KOLAR,KARNATAKA,C,4000,125,146,0
1770,358,TOMATO (BM1),KH,6500.00,KOLAR,KARNATAKA,C,4000,124,146,0
1775,819,POTATO (RA),KH,19000.00,PUNE,MAHARASHTRA,N,2000,48,76,0
1777,859,SPINACH (Del/Nwl-Sum/Win),RA,590.00,NORTH DELHI,DELHI,N,2000,29,41,0
1778,855,BEETROOT (Del/Nwl-Win),RA,501.00,NORTH DELHI,DELHI,N,2000,46,80,0
1818,358,TOMATO (BM1),KH,15000.00,KOLAR,KARNATAKA,C,4000,117,120,0
1819,355,CUCUMBER (BM1),KH,4500.00,KOLAR,KARNATAKA,C,4000,102,106,0
1820,358,TOMATO (BM1),KH,6500.00,KOLAR,KARNATAKA,C,4000,124,146,0
1821,358,TOMATO (BM1),RA,6500.00,KOLAR,KARNATAKA,C,4000,124,146,0
1822,860,CAULIFLOWER (Del/Nwl-Win),RA,1842.00,JHUNJHUNU,RAJASTHAN,N,2000,81,94,0
1833,832,BROCCOLI (RA),RA,1034.00,K.V.RANGAREDDY,TELANGANA,N,2000,46,62,0
1836,801,TOMATO HYBRID (RA),KH,4263.00,JHUNJHUNU,RAJASTHAN,N,2000,85,110,0
1838,859,SPINACH (Del/Nwl-Sum/Win),RA,1562.00,NORTH DELHI,DELHI,N,2000,28,41,0
1839,858,CORIANDER – Leaf (Del/Nwl-Sum/Win),RA,533.00,NORTH DELHI,DELHI,N,2000,29,41,0
1842,867,MUSTARD LEAF (Del/Nwl-Win),RA,3151.00,SONIPAT,HARYANA,N,2000,14,42,0
1847,811,CABBAGE (RA),KH,9000.00,PUNE,MAHARASHTRA,N,2000,50,59,0
1848,812,CAULIFLOWER (RA),KH,6000.00,PUNE,MAHARASHTRA,N,2000,55,64,0
1850,812,CAULIFLOWER (RA),KH,4000.00,PUNE,MAHARASHTRA,N,2000,45,64,0
1851,820,BRINJAL (RA),KH,682.00,PUNE,MAHARASHTRA,N,2000,73,82,0
1852,804,CLUSTER BEAN (RA),KH,65.00,PUNE,MAHARASHTRA,N,2000,69,75,0
1863,107,Pomegranate,KH,4500.00,BAGALKOT,KARNATAKA,C,1000,68,98,0
1869,863,CORN SWEET (Del/Nwl-Win),RA,437.00,SONIPAT,HARYANA,N,2000,34,68,0
1870,107,Pomegranate,KH,850.00,BANGALORE RURAL,KARNATAKA,C,1000,0,75,0
1871,871,SPRING ONION (Del/Nwl-Sum/Win),RA,1756.00,SONIPAT,HARYANA,N,2000,31,58,0
1872,853,RADISH (Asiatic) (Del/Nwl/Pun-Win),RA,1009.00,JHUNJHUNU,RAJASTHAN,N,2000,52,58,0
1873,855,BEETROOT (Del/Nwl-Win),RA,1887.00,JHUNJHUNU,RAJASTHAN,N,2000,91,103,0
1876,871,SPRING ONION (Del/Nwl-Sum/Win),RA,1647.00,SONIPAT,HARYANA,N,2000,40,58,0
1884,870,CABBAGE (Del/Nwl-Win),RA,11853.00,JHUNJHUNU,RAJASTHAN,N,2000,79,91,0
1889,855,BEETROOT (Del/Nwl-Win),RA,846.00,SONIPAT,HARYANA,N,2000,41,80,0
1890,858,CORIANDER – Leaf (Del/Nwl-Sum/Win),RA,2593.00,SONIPAT,HARYANA,N,2000,17,40,0
1891,857,FENUGREEK (Del/Nwl-Win),RA,2662.00,SONIPAT,HARYANA,N,2000,14,46,0
1895,353,BRINJAL (BM1),RA,1800.00,BELGAUM,KARNATAKA,C,1000,78,82,0
1896,856,CARROT - RED (Del/Nwl-Win),RA,537.00,NORTH DELHI,DELHI,N,2000,47,81,0
1897,869,PEAS GREEN (Del/Nwl-Win),RA,357.00,NORTH DELHI,DELHI,N,2000,48,81,0
1899,853,RADISH (Asiatic) (Del/Nwl/Pun-Win),RA,3306.00,JHUNJHUNU,RAJASTHAN,N,2000,49,59,0
1900,860,CAULIFLOWER (Del/Nwl-Win),RA,682.00,JHUNJHUNU,RAJASTHAN,N,2000,67,91,0
1903,853,RADISH (Asiatic) (Del/Nwl/Pun-Win),RA,197.00,JHUNJHUNU,RAJASTHAN,N,2000,42,59,0
1904,870,CABBAGE (Del/Nwl-Win),RA,2122.00,JHUNJHUNU,RAJASTHAN,N,2000,56,97,0
1906,817,CHILLI - GREEN,RA,1230.00,JHUNJHUNU,RAJASTHAN,N,2000,116,141,0
1908,870,CABBAGE (Del/Nwl-Win),RA,5953.50,JHUNJHUNU,RAJASTHAN,N,2000,82,99,0
1909,860,CAULIFLOWER (Del/Nwl-Win),RA,2877.00,JHUNJHUNU,RAJASTHAN,N,2000,65,93,0
1911,867,MUSTARD LEAF (Del/Nwl-Win),RA,3151.00,SONIPAT,HARYANA,N,2000,34,43,0
1913,870,CABBAGE (Del/Nwl-Win),RA,3151.00,JHUNJHUNU,RAJASTHAN,N,2000,64,90,0
1916,860,CAULIFLOWER (Del/Nwl-Win),RA,1103.00,JHUNJHUNU,RAJASTHAN,N,2000,59,91,0
1917,860,CAULIFLOWER (Del/Nwl-Win),RA,2874.00,JHUNJHUNU,RAJASTHAN,N,2000,74,92,0
1918,870,CABBAGE (Del/Nwl-Win),RA,4500.00,JHUNJHUNU,RAJASTHAN,N,2000,79,98,0
1920,870,CABBAGE (Del/Nwl-Win),RA,1804.00,JHUNJHUNU,RAJASTHAN,N,2000,57,98,0
1924,853,RADISH (Asiatic) (Del/Nwl/Pun-Win),RA,6785.00,JHUNJHUNU,RAJASTHAN,N,2000,50,59,0
1925,853,RADISH (Asiatic) (Del/Nwl/Pun-Win),RA,3189.00,JHUNJHUNU,RAJASTHAN,N,2000,48,56,0
1935,866,CARROT - BLACK (Del/Nwl-Win),RA,240.00,NORTH DELHI,DELHI,N,2000,72,104,0
1936,882,RED CABBAGE (Del/Nwl-Win),RA,319.00,NORTH DELHI,DELHI,N,2000,89,121,0
1938,879,KNOL KHOL (Del/Nwl-Win),RA,487.00,NORTH DELHI,DELHI,N,2000,45,71,0
1939,856,CARROT - RED (Del/Nwl-Win),RA,161.00,NORTH DELHI,DELHI,N,2000,67,103,0
1940,801,TOMATO HYBRID (RA),RA,10530.00,PUNE,MAHARASHTRA,N,2000,92,109,0
1941,801,TOMATO HYBRID (RA),RA,3015.00,PUNE,MAHARASHTRA,N,2000,87,108,0
1942,801,TOMATO HYBRID (RA),RA,2000.00,PUNE,MAHARASHTRA,N,2000,90,108,0
1944,841,TOMATO ROUND DESI (RA),RA,445.00,K.V.RANGAREDDY,TELANGANA,N,2000,88,109,0
1945,820,BRINJAL (RA),RA,1028.00,K.V.RANGAREDDY,TELANGANA,N,2000,81,106,0
1948,870,CABBAGE (Del/Nwl-Win),RA,1524.00,JHUNJHUNU,RAJASTHAN,N,2000,72,99,0
1950,869,PEAS GREEN (Del/Nwl-Win),RA,280.00,NORTH DELHI,DELHI,N,2000,69,105,0
1966,860,CAULIFLOWER (Del/Nwl-Win),RA,6047.00,JHUNJHUNU,RAJASTHAN,N,2000,68,84,0
1967,855,BEETROOT (Del/Nwl-Win),RA,1579.00,JHUNJHUNU,RAJASTHAN,N,2000,85,103,0
1968,853,RADISH (Asiatic) (Del/Nwl/Pun-Win),RA,3203.00,JHUNJHUNU,RAJASTHAN,N,2000,51,58,0
1969,358,TOMATO (BM1),RA,6500.00,KOLAR,KARNATAKA,C,4000,137,159,0
1973,860,CAULIFLOWER (Del/Nwl-Win),RA,4722.00,JHUNJHUNU,RAJASTHAN,N,2000,69,93,0
1974,857,FENUGREEK (Del/Nwl-Win),RA,1899.00,NORTH WEST DELHI,DELHI,N,2000,27,47,0
1977,870,CABBAGE (Del/Nwl-Win),RA,2204.00,SIKAR,RAJASTHAN,N,2000,58,90,0
1978,858,CORIANDER – Leaf (Del/Nwl-Sum/Win),RA,698.00,NORTH WEST DELHI,DELHI,N,2000,33,41,0
1980,812,CAULIFLOWER (RA),RA,1400.00,K.V.RANGAREDDY,TELANGANA,N,2000,41,75,0
1981,811,CABBAGE (RA),RA,8585.00,PUNE,MAHARASHTRA,N,2000,51,65,0
1982,811,CABBAGE (RA),RA,1003.00,K.V.RANGAREDDY,TELANGANA,N,2000,53,81,0
1983,803,LADY FINGER (RA),RA,965.00,PUNE,MAHARASHTRA,N,2000,76,97,0
1994,859,SPINACH (Del/Nwl-Sum/Win),RA,407.00,NORTH DELHI,DELHI,N,2000,21,39,0
1995,355,CUCUMBER (BM1),ZA,7000.00,KOLAR,KARNATAKA,C,4000,102,106,0
1999,805,BEETROOT (RA),KH,2866.00,AHMEDNAGAR,MAHARASHTRA,N,2000,69,77,0
2001,812,CAULIFLOWER (RA),KH,5627.00,AHMEDNAGAR,MAHARASHTRA,N,2000,75,91,0
2003,860,CAULIFLOWER (Del/Nwl-Win),RA,150.00,NORTH DELHI,DELHI,N,2000,63,93,0
2004,865,BROCCOLI (Del/Nwl-Win),RA,251.00,NORTH DELHI,DELHI,N,2000,62,82,0
2005,876,TOMATO ROUND DESI (Del/Nwl-Win),RA,221.00,NORTH DELHI,DELHI,N,2000,115,144,0
2006,855,BEETROOT (Del/Nwl-Win),RA,48.00,NORTH DELHI,DELHI,N,2000,43,103,0
2008,841,TOMATO ROUND DESI (RA),RA,8930.00,AHMEDNAGAR,MAHARASHTRA,N,2000,120,131,0
2009,808,CORN SWEET (RA),RA,300.00,PUNE,MAHARASHTRA,N,2000,37,50,0
2010,860,CAULIFLOWER (Del/Nwl-Win),RA,1665.00,JHUNJHUNU,RAJASTHAN,N,2000,72,84,0
2011,855,BEETROOT (Del/Nwl-Win),RA,8111.00,JHUNJHUNU,RAJASTHAN,N,2000,88,103,0
2012,853,RADISH (Asiatic) (Del/Nwl/Pun-Win),RA,13064.00,JHUNJHUNU,RAJASTHAN,N,2000,50,57,0
2013,811,CABBAGE (RA),RA,10900.00,AHMEDNAGAR,MAHARASHTRA,N,2000,51,61,0
2015,816,CARROT - ORANGE (RA),RA,3082.00,AHMEDNAGAR,MAHARASHTRA,N,2000,82,93,0
2016,354,GREEN CHILLI (BM1),KH,4000.00,BELGAUM,KARNATAKA,C,1000,160,169,0
2017,358,TOMATO (BM1),RA,30000.00,BELGAUM,KARNATAKA,C,1000,124,146,0
2018,146,LABLAB (Bush Type),KH,650.00,BELGAUM,KARNATAKA,C,1000,67,69,0
2020,812,CAULIFLOWER (RA),RA,1088.80,K.V.RANGAREDDY,TELANGANA,N,2000,39,89,0
2022,358,TOMATO (BM1),RA,21600.00,BELGAUM,KARNATAKA,C,1000,126,147,0
2023,870,CABBAGE (Del/Nwl-Win),RA,5190.00,JHUNJHUNU,RAJASTHAN,N,2000,69,90,0
2024,855,BEETROOT (Del/Nwl-Win),RA,1240.00,JHUNJHUNU,RAJASTHAN,N,2000,71,104,0
2025,860,CAULIFLOWER (Del/Nwl-Win),RA,1320.00,JHUNJHUNU,RAJASTHAN,N,2000,65,92,0
2028,855,BEETROOT (Del/Nwl-Win),RA,2244.00,JHUNJHUNU,RAJASTHAN,N,2000,72,102,0
2030,860,CAULIFLOWER (Del/Nwl-Win),RA,2063.00,JHUNJHUNU,RAJASTHAN,N,2000,64,93,0
2031,870,CABBAGE (Del/Nwl-Win),RA,3140.00,JHUNJHUNU,RAJASTHAN,N,2000,65,92,0
2033,857,FENUGREEK (Del/Nwl-Win),RA,1085.00,NORTH DELHI,DELHI,N,2000,26,47,0
2035,870,CABBAGE (Del/Nwl-Win),RA,3129.00,NORTH DELHI,DELHI,N,2000,90,117,0
2036,858,CORIANDER – Leaf (Del/Nwl-Sum/Win),RA,21.00,NORTH DELHI,DELHI,N,2000,24,41,0
2037,857,FENUGREEK (Del/Nwl-Win),RA,247.00,NORTH DELHI,DELHI,N,2000,26,48,0
2038,860,CAULIFLOWER (Del/Nwl-Win),RA,42.00,NORTH DELHI,DELHI,N,2000,50,107,0
2039,870,CABBAGE (Del/Nwl-Win),RA,1784.00,NORTH DELHI,DELHI,N,2000,84,106,0
2040,858,CORIANDER – Leaf (Del/Nwl-Sum/Win),RA,1002.00,NORTH DELHI,DELHI,N,2000,34,40,0
2042,859,SPINACH (Del/Nwl-Sum/Win),RA,1330.00,NORTH DELHI,DELHI,N,2000,27,40,0
2043,859,SPINACH (Del/Nwl-Sum/Win),RA,5851.00,NORTH DELHI,DELHI,N,2000,22,40,0
2046,870,CABBAGE (Del/Nwl-Win),RA,2984.00,NORTH DELHI,DELHI,N,2000,85,111,0
2056,355,CUCUMBER (BM1),KH,6000.00,BELGAUM,KARNATAKA,C,1000,106,109,0
2057,805,BEETROOT (RA),RA,1718000.00,PUNE,MAHARASHTRA,N,2000,37,60,0
2074,811,CABBAGE (RA),RA,6497.00,AHMEDNAGAR,MAHARASHTRA,N,2000,60,68,0
2075,811,CABBAGE (RA),RA,6987.00,AHMEDNAGAR,MAHARASHTRA,N,2000,57,67,0
2076,860,CAULIFLOWER (Del/Nwl-Win),RA,1256.00,JHUNJHUNU,RAJASTHAN,N,2000,71,93,0
2077,860,CAULIFLOWER (Del/Nwl-Win),RA,3439.00,JHUNJHUNU,RAJASTHAN,N,2000,68,92,0
2078,869,PEAS GREEN (Del/Nwl-Win),RA,1883.00,JHUNJHUNU,RAJASTHAN,N,2000,68,106,0
2079,869,PEAS GREEN (Del/Nwl-Win),RA,647.00,JHUNJHUNU,RAJASTHAN,N,2000,61,106,0
2080,853,RADISH (Asiatic) (Del/Nwl/Pun-Win),RA,4710.00,JHUNJHUNU,RAJASTHAN,N,2000,50,59,0
2081,855,BEETROOT (Del/Nwl-Win),RA,3124.00,JHUNJHUNU,RAJASTHAN,N,2000,82,100,0
2082,860,CAULIFLOWER (Del/Nwl-Win),RA,1023.00,JHUNJHUNU,RAJASTHAN,N,2000,57,82,0
2090,860,CAULIFLOWER (Del/Nwl-Win),RA,2548.00,JHUNJHUNU,RAJASTHAN,N,2000,77,92,0
2092,870,CABBAGE (Del/Nwl-Win),RA,2418.00,JHUNJHUNU,RAJASTHAN,N,2000,75,91,0
2093,853,RADISH (Asiatic) (Del/Nwl/Pun-Win),RA,4251.00,JHUNJHUNU,RAJASTHAN,N,2000,49,61,0
2094,869,PEAS GREEN (Del/Nwl-Win),RA,3928.00,JHUNJHUNU,RAJASTHAN,N,2000,75,104,0
2096,824,CORIANDER – Leaf (RA),RA,5.00,PUNE,MAHARASHTRA,N,2000,27,31,0
2097,805,BEETROOT (RA),KH,4242.00,PUNE,MAHARASHTRA,N,2000,54,60,0
2098,828,FENUGREEK (RA),RA,6.00,PUNE,MAHARASHTRA,N,2000,36,41,0
2100,816,CARROT - ORANGE (RA),RA,34.00,PUNE,MAHARASHTRA,N,2000,88,92,0
2101,835,PUMPKIN - GREEN (RA),RA,208.00,PUNE,MAHARASHTRA,N,2000,99,104,0
2103,851,RIDGE GOURD (RA),RA,115.00,PUNE,MAHARASHTRA,N,2000,51,111,0
2104,807,BOTTLEGOURD (RA),RA,293.00,PUNE,MAHARASHTRA,N,2000,99,109,0
2105,810,SPINACH (RA),RA,97.00,PUNE,MAHARASHTRA,N,2000,27,31,0
2106,825,CUCUMBER HYBRID (RA),RA,34504.00,JHUNJHUNU,RAJASTHAN,N,2000,86,92,0
2107,858,CORIANDER – Leaf (Del/Nwl-Sum/Win),RA,1210.00,NORTH DELHI,DELHI,N,2000,29,42,0
2108,870,CABBAGE (Del/Nwl-Win),RA,1801.00,NORTH DELHI,DELHI,N,2000,76,90,0
2110,860,CAULIFLOWER (Del/Nwl-Win),RA,17076.00,NORTH DELHI,DELHI,N,2000,66,88,0
2111,870,CABBAGE (Del/Nwl-Win),RA,5988.00,NORTH DELHI,DELHI,N,2000,70,94,0
2112,858,CORIANDER – Leaf (Del/Nwl-Sum/Win),RA,9101.00,NORTH DELHI,DELHI,N,2000,30,42,0
2113,860,CAULIFLOWER (Del/Nwl-Win),RA,1154.00,NORTH DELHI,DELHI,N,2000,66,86,0
2114,858,CORIANDER – Leaf (Del/Nwl-Sum/Win),RA,3175.00,NORTH DELHI,DELHI,N,2000,34,42,0
2115,859,SPINACH (Del/Nwl-Sum/Win),RA,6007.00,NORTH DELHI,DELHI,N,2000,25,41,0
2116,857,FENUGREEK (Del/Nwl-Win),RA,1405.00,NORTH DELHI,DELHI,N,2000,35,48,0
2117,859,SPINACH (Del/Nwl-Sum/Win),RA,1514.00,NORTH DELHI,DELHI,N,2000,26,40,0
2118,871,SPRING ONION (Del/Nwl-Sum/Win),RA,4096.00,NORTH DELHI,DELHI,N,2000,40,57,0
2119,867,MUSTARD LEAF (Del/Nwl-Win),RA,997.00,NORTH DELHI,DELHI,N,2000,29,44,0
2122,859,SPINACH (Del/Nwl-Sum/Win),RA,2913.00,NORTH DELHI,DELHI,N,2000,33,42,0
2124,859,SPINACH (Del/Nwl-Sum/Win),RA,1299.00,NORTH DELHI,DELHI,N,2000,34,42,0
2125,859,SPINACH (Del/Nwl-Sum/Win),RA,2116.00,NORTH DELHI,DELHI,N,2000,28,40,0
2126,857,FENUGREEK (Del/Nwl-Win),RA,4932.00,NORTH DELHI,DELHI,N,2000,25,46,0
2128,867,MUSTARD LEAF (Del/Nwl-Win),RA,6189.00,NORTH DELHI,DELHI,N,2000,31,41,0
2129,859,SPINACH (Del/Nwl-Sum/Win),RA,1784.00,NORTH DELHI,DELHI,N,2000,28,40,0
2130,861,POTATO (Del-Win),RA,88.00,NORTH DELHI,DELHI,N,2000,60,73,0
2131,870,CABBAGE (Del/Nwl-Win),RA,11604.00,NORTH DELHI,DELHI,N,2000,65,94,0
2132,858,CORIANDER – Leaf (Del/Nwl-Sum/Win),RA,1764.00,SONIPAT,HARYANA,N,2000,39,44,0
2133,881,BABY CORN (Del/Nwl-Win),RA,16.00,SONIPAT,HARYANA,N,2000,52,69,0
2134,857,FENUGREEK (Del/Nwl-Win),RA,739.00,SONIPAT,HARYANA,N,2000,30,49,0
2135,867,MUSTARD LEAF (Del/Nwl-Win),RA,1454.00,SONIPAT,HARYANA,N,2000,27,41,0
2137,855,BEETROOT (Del/Nwl-Win),RA,254.00,SONIPAT,HARYANA,N,2000,66,78,0
2138,861,POTATO (Del-Win),RA,307.00,SONIPAT,HARYANA,N,2000,35,63,0
2139,353,BRINJAL (BM1),RA,1800.00,BELGAUM,KARNATAKA,C,1000,118,121,0
2140,870,CABBAGE (Del/Nwl-Win),RA,11108.00,JHUNJHUNU,RAJASTHAN,N,2000,74,93,0
2146,805,BEETROOT (RA),RA,4230.00,AHMEDNAGAR,MAHARASHTRA,N,2000,54,63,0
2148,867,MUSTARD LEAF (Del/Nwl-Win),RA,351.00,SONIPAT,HARYANA,N,2000,27,42,0
2150,871,SPRING ONION (Del/Nwl-Sum/Win),RA,627.00,SONIPAT,HARYANA,N,2000,47,55,0
2151,859,SPINACH (Del/Nwl-Sum/Win),RA,2017.00,SONIPAT,HARYANA,N,2000,26,40,0
2152,855,BEETROOT (Del/Nwl-Win),RA,3049.00,SONIPAT,HARYANA,N,2000,60,78,0
2154,859,SPINACH (Del/Nwl-Sum/Win),RA,3555.00,NORTH DELHI,DELHI,N,2000,23,41,0
2155,870,CABBAGE (Del/Nwl-Win),RA,122.00,SONIPAT,HARYANA,N,2000,75,88,0
2156,861,POTATO (Del-Win),RA,13350.00,NORTH DELHI,DELHI,N,2000,46,72,0
2157,358,TOMATO (BM1),RA,7000.00,KOLAR,KARNATAKA,C,4000,125,146,0
2158,853,RADISH (Asiatic) (Del/Nwl/Pun-Win),RA,53.00,JHUNJHUNU,RAJASTHAN,N,2000,47,60,0
2163,855,BEETROOT (Del/Nwl-Win),RA,7956.00,JHUNJHUNU,RAJASTHAN,N,2000,81,102,0
2165,870,CABBAGE (Del/Nwl-Win),RA,2308.00,JHUNJHUNU,RAJASTHAN,N,2000,67,91,0
2166,855,BEETROOT (Del/Nwl-Win),RA,3022.00,JHUNJHUNU,RAJASTHAN,N,2000,80,102,0
2168,855,BEETROOT (Del/Nwl-Win),RA,2912.00,JHUNJHUNU,RAJASTHAN,N,2000,81,102,0
2169,811,CABBAGE (RA),RA,130.00,PUNE,MAHARASHTRA,N,2000,64,68,0
2170,853,RADISH (Asiatic) (Del/Nwl/Pun-Win),RA,211.00,PUNE,MAHARASHTRA,N,2000,55,59,0
2171,812,CAULIFLOWER (RA),RA,75.50,PUNE,MAHARASHTRA,N,2000,80,90,0
2172,228,GROUNDNUT,RA,600.00,BELGAUM,KARNATAKA,C,1000,32,47,0
2173,228,GROUNDNUT,RA,1500.00,BELGAUM,KARNATAKA,C,1000,33,47,0
2174,352,CAULIFLOWER (BM1),RA,4000.00,BELGAUM,KARNATAKA,C,1000,44,47,0
2176,870,CABBAGE (Del/Nwl-Win),RA,174.00,NORTH DELHI,DELHI,N,2000,45,76,0
2177,855,BEETROOT (Del/Nwl-Win),RA,783.00,NORTH DELHI,DELHI,N,2000,40,81,0
2180,855,BEETROOT (Del/Nwl-Win),RA,101.00,NORTH DELHI,DELHI,N,2000,64,79,0
2186,859,SPINACH (Del/Nwl-Sum/Win),RA,1086.00,JHUNJHUNU,RAJASTHAN,N,2000,35,50,0
2187,856,CARROT - RED (Del/Nwl-Win),RA,1228.00,JHUNJHUNU,RAJASTHAN,N,2000,71,103,0
2188,878,TURNIP (European) (Nwl-Win),RA,2055.00,JHUNJHUNU,RAJASTHAN,N,2000,55,70,0
2189,812,CAULIFLOWER (RA),RA,5300.00,PUNE,MAHARASHTRA,N,2000,53,88,0
2190,860,CAULIFLOWER (Del/Nwl-Win),RA,1514.00,JHUNJHUNU,RAJASTHAN,N,2000,68,82,0
2192,835,PUMPKIN - GREEN (RA),RA,1650.00,K.V.RANGAREDDY,TELANGANA,N,2000,84,104,0
2193,805,BEETROOT (RA),RA,7487.00,AHMEDNAGAR,MAHARASHTRA,N,2000,54,63,0
2204,354,GREEN CHILLI (BM1),RA,1500.00,BELGAUM,KARNATAKA,C,1000,115,120,0
2206,811,CABBAGE (RA),RA,1138.90,K.V.RANGAREDDY,TELANGANA,N,2000,56,67,0
2207,859,SPINACH (Del/Nwl-Sum/Win),RA,1710.00,NORTH DELHI,DELHI,N,2000,29,41,0
2208,857,FENUGREEK (Del/Nwl-Win),RA,772.00,NORTH DELHI,DELHI,N,2000,33,47,0
2209,857,FENUGREEK (Del/Nwl-Win),RA,2241.00,NORTH WEST DELHI,DELHI,N,2000,40,47,0
2210,859,SPINACH (Del/Nwl-Sum/Win),RA,3564.00,NORTH DELHI,DELHI,N,2000,32,41,0
2211,859,SPINACH (Del/Nwl-Sum/Win),RA,3670.00,NORTH DELHI,DELHI,N,2000,29,39,0
2215,812,CAULIFLOWER (RA),RA,94.40,K.V.RANGAREDDY,TELANGANA,N,2000,39,70,0
2216,811,CABBAGE (RA),RA,456.00,K.V.RANGAREDDY,TELANGANA,N,2000,50,67,0
2223,358,TOMATO (BM1),RA,4200.00,BELGAUM,KARNATAKA,C,1000,91,94,0
2225,359,BHENDI (BM1),RA,1400.00,BELGAUM,KARNATAKA,C,1000,133,136,0
2226,355,CUCUMBER (BM1),ZA,9000.00,BELGAUM,KARNATAKA,C,1000,106,109,0
2227,355,CUCUMBER (BM1),ZA,10000.00,BELGAUM,KARNATAKA,C,1000,106,109,0
2228,354,GREEN CHILLI (BM1),RA,1000.00,BELGAUM,KARNATAKA,C,1000,112,120,0
2230,818,ONION - RED (RA),RA,7000.00,PUNE,MAHARASHTRA,N,2000,49,62,0
2231,818,ONION - RED (RA),RA,12000.00,PUNE,MAHARASHTRA,N,2000,50,63,0
2234,358,TOMATO (BM1),RA,10000.00,KOLAR,KARNATAKA,C,4000,123,146,0
2235,841,TOMATO ROUND DESI (RA),RA,15000.00,PUNE,MAHARASHTRA,N,2000,90,107,0
2237,358,TOMATO (BM1),RA,5000.00,BELGAUM,KARNATAKA,C,1000,91,94,0
2248,811,CABBAGE (RA),RA,477.50,K.V.RANGAREDDY,TELANGANA,N,2000,53,58,0
2250,803,LADY FINGER (RA),RA,53.58,K.V.RANGAREDDY,TELANGANA,N,2000,90,122,0
2251,841,TOMATO ROUND DESI (RA),RA,325.44,K.V.RANGAREDDY,TELANGANA,N,2000,83,133,0
2253,835,PUMPKIN - GREEN (RA),RA,1.00,K.V.RANGAREDDY,TELANGANA,N,2000,37,105,0
2254,805,BEETROOT (RA),RA,3000.00,K.V.RANGAREDDY,TELANGANA,N,2000,34,58,0
2255,811,CABBAGE (RA),RA,2852.00,K.V.RANGAREDDY,TELANGANA,N,2000,33,48,0
2257,354,GREEN CHILLI (BM1),RA,1000.00,BELGAUM,KARNATAKA,C,1000,106,121,0
2258,354,GREEN CHILLI (BM1),RA,1500.00,BELGAUM,KARNATAKA,C,1000,105,121,0
2260,355,CUCUMBER (BM1),ZA,7176.00,BELGAUM,KARNATAKA,C,1000,103,106,0
2261,358,TOMATO (BM1),RA,3200.00,BELGAUM,KARNATAKA,C,1000,91,94,0
2264,355,CUCUMBER (BM1),ZA,5900.00,KOLAR,KARNATAKA,C,4000,91,95,0
2265,351,CABBAGE (BM1),RA,10000.00,KOLAR,KARNATAKA,C,4000,63,66,0
2266,351,CABBAGE (BM1),RA,9500.00,KOLAR,KARNATAKA,C,4000,63,66,0
2268,841,TOMATO ROUND DESI (RA),RA,3502.00,AHMEDNAGAR,MAHARASHTRA,N,2000,109,132,0
2269,860,CAULIFLOWER (Del/Nwl-Win),RA,2400.00,JHUNJHUNU,RAJASTHAN,N,2000,61,91,0
2270,859,SPINACH (Del/Nwl-Sum/Win),RA,4357.00,NORTH DELHI,DELHI,N,2000,35,41,0
2271,859,SPINACH (Del/Nwl-Sum/Win),RA,3651.00,NORTH DELHI,DELHI,N,2000,32,40,0
2273,869,PEAS GREEN (Del/Nwl-Win),RA,2361.00,SIKAR,RAJASTHAN,N,2000,79,104,0
2274,869,PEAS GREEN (Del/Nwl-Win),RA,3255.00,SIKAR,RAJASTHAN,N,2000,60,102,0
2276,869,PEAS GREEN (Del/Nwl-Win),RA,1032.00,SIKAR,RAJASTHAN,N,2000,82,105,0
2277,869,PEAS GREEN (Del/Nwl-Win),RA,1237.00,SIKAR,RAJASTHAN,N,2000,72,103,0
2278,869,PEAS GREEN (Del/Nwl-Win),RA,3505.00,SIKAR,RAJASTHAN,N,2000,75,102,0
2280,861,POTATO (Del-Win),RA,5115.00,BULANDSHAHR,UTTAR PRADESH,N,2000,44,73,0
2281,354,GREEN CHILLI (BM1),RA,7000.00,KOLAR,KARNATAKA,C,4000,79,188,0
2291,859,SPINACH (Del/Nwl-Sum/Win),RA,5364.00,NORTH WEST DELHI,DELHI,N,2000,22,40,0
2292,858,CORIANDER – Leaf (Del/Nwl-Sum/Win),RA,1156.00,SONIPAT,HARYANA,N,2000,29,41,0
2293,867,MUSTARD LEAF (Del/Nwl-Win),RA,3217.00,SONIPAT,HARYANA,N,2000,29,41,0
2297,858,CORIANDER – Leaf (Del/Nwl-Sum/Win),RA,1310.00,SONIPAT,HARYANA,N,2000,28,41,0
2302,818,ONION - RED (RA),RA,16500.00,AHMEDNAGAR,MAHARASHTRA,N,2000,65,85,0
2303,861,POTATO (Del-Win),RA,4500.00,BULANDSHAHR,UTTAR PRADESH,N,2000,44,73,0
2304,801,TOMATO HYBRID (RA),KH,8737.00,PUNE,MAHARASHTRA,N,2000,107,130,0
2305,861,POTATO (Del-Win),RA,990.00,BULANDSHAHR,UTTAR PRADESH,N,2000,37,71,0
2306,876,TOMATO ROUND DESI (Del/Nwl-Win),RA,3086.50,BULANDSHAHR,UTTAR PRADESH,N,2000,95,134,3
2307,818,ONION - RED (RA),RA,260.00,PUNE,MAHARASHTRA,N,2000,75,79,0
2308,869,PEAS GREEN (Del/Nwl-Win),RA,445.00,JHUNJHUNU,RAJASTHAN,N,2000,54,101,0
2309,860,CAULIFLOWER (Del/Nwl-Win),RA,750.00,JHUNJHUNU,RAJASTHAN,N,2000,56,90,0
2310,860,CAULIFLOWER (Del/Nwl-Win),RA,874.00,JHUNJHUNU,RAJASTHAN,N,2000,58,90,0
2312,860,CAULIFLOWER (Del/Nwl-Win),RA,2830.00,JHUNJHUNU,RAJASTHAN,N,2000,64,92,0
2314,871,SPRING ONION (Del/Nwl-Sum/Win),RA,4514.00,NORTH DELHI,DELHI,N,2000,50,55,0
2322,858,CORIANDER – Leaf (Del/Nwl-Sum/Win),RA,3358.00,SONIPAT,HARYANA,N,2000,28,42,0
2323,866,CARROT - BLACK (Del/Nwl-Win),RA,1708.00,NORTH DELHI,DELHI,N,2000,41,80,0
2324,861,POTATO (Del-Win),RA,3150.00,BULANDSHAHR,UTTAR PRADESH,N,2000,34,72,0
2338,870,CABBAGE (Del/Nwl-Win),RA,1768.00,JHUNJHUNU,RAJASTHAN,N,2000,74,97,0
2356,818,ONION - RED (RA),RA,7800.00,PUNE,MAHARASHTRA,N,2000,57,62,0
2358,841,TOMATO ROUND DESI (RA),RA,27000.00,PUNE,MAHARASHTRA,N,2000,92,107,0
2359,801,TOMATO HYBRID (RA),RA,11000.00,PUNE,MAHARASHTRA,N,2000,91,117,0
2365,801,TOMATO HYBRID (RA),RA,43.00,PUNE,MAHARASHTRA,N,2000,99,116,0
2385,805,BEETROOT (RA),RA,49.00,PUNE,MAHARASHTRA,N,2000,89,95,0
2386,824,CORIANDER – Leaf (RA),RA,1400.00,PUNE,MAHARASHTRA,N,2000,16,25,0
2387,820,BRINJAL (RA),RA,333.90,K.V.RANGAREDDY,TELANGANA,N,2000,59,83,0
2390,853,RADISH (Asiatic) (Del/Nwl/Pun-Win),RA,12871.00,JHUNJHUNU,RAJASTHAN,N,2000,41,59,0
2391,869,PEAS GREEN (Del/Nwl-Win),RA,2843.00,SIKAR,RAJASTHAN,N,2000,68,102,0
2393,354,GREEN CHILLI (BM1),RA,2000.00,BELGAUM,KARNATAKA,C,1000,115,120,0
2399,860,CAULIFLOWER (Del/Nwl-Win),RA,3971.00,JHUNJHUNU,RAJASTHAN,N,2000,64,92,0
2417,358,TOMATO (BM1),RA,2000.00,BELGAUM,KARNATAKA,C,1000,91,94,0
2418,355,CUCUMBER (BM1),ZA,4000.00,BELGAUM,KARNATAKA,C,1000,75,78,0
2421,354,GREEN CHILLI (BM1),RA,2000.00,BELGAUM,KARNATAKA,C,1000,104,121,0
2422,354,GREEN CHILLI (BM1),RA,1700.00,BELGAUM,KARNATAKA,C,1000,103,120,0
2423,354,GREEN CHILLI (BM1),RA,1500.00,BELGAUM,KARNATAKA,C,1000,104,120,0
2425,355,CUCUMBER (BM1),ZA,1000.00,BELGAUM,KARNATAKA,C,1000,102,106,0
2426,859,SPINACH (Del/Nwl-Sum/Win),RA,4249.00,NORTH DELHI,DELHI,N,2000,34,40,0
2427,859,SPINACH (Del/Nwl-Sum/Win),RA,1725.00,NORTH DELHI,DELHI,N,2000,36,40,0
2428,859,SPINACH (Del/Nwl-Sum/Win),RA,4559.00,NORTH DELHI,DELHI,N,2000,36,40,0
2429,859,SPINACH (Del/Nwl-Sum/Win),RA,2659.00,NORTH DELHI,DELHI,N,2000,36,40,0
2430,859,SPINACH (Del/Nwl-Sum/Win),RA,2672.00,NORTH DELHI,DELHI,N,2000,33,39,0
2433,818,ONION - RED (RA),KH,13000.00,PUNE,MAHARASHTRA,N,2000,53,61,0
2435,841,TOMATO ROUND DESI (RA),RA,17842.00,PUNE,MAHARASHTRA,N,2000,94,134,0
2436,801,TOMATO HYBRID (RA),RA,7000.00,PUNE,MAHARASHTRA,N,2000,86,131,0
2437,811,CABBAGE (RA),RA,6000.00,PUNE,MAHARASHTRA,N,2000,64,78,0
2438,811,CABBAGE (RA),RA,17000.00,PUNE,MAHARASHTRA,N,2000,55,67,0
2439,841,TOMATO ROUND DESI (RA),RA,9463.00,PUNE,MAHARASHTRA,N,2000,93,134,0
2441,358,TOMATO (BM1),RA,15000.00,BELGAUM,KARNATAKA,C,1000,125,146,0
2442,354,GREEN CHILLI (BM1),RA,1500.00,BELGAUM,KARNATAKA,C,1000,138,169,0
2447,818,ONION - RED (RA),RA,6000.00,AHMEDNAGAR,MAHARASHTRA,N,2000,51,60,0
2448,841,TOMATO ROUND DESI (RA),RA,3000.00,PUNE,MAHARASHTRA,N,2000,98,132,0
2453,801,TOMATO HYBRID (RA),RA,2600.00,PUNE,MAHARASHTRA,N,2000,94,130,0
2454,801,TOMATO HYBRID (RA),RA,1100.00,PUNE,MAHARASHTRA,N,2000,91,130,0
2456,869,PEAS GREEN (Del/Nwl-Win),RA,1419.00,SIKAR,RAJASTHAN,N,2000,63,102,0
2457,869,PEAS GREEN (Del/Nwl-Win),RA,666.00,SIKAR,RAJASTHAN,N,2000,63,102,0
2458,869,PEAS GREEN (Del/Nwl-Win),RA,1359.00,SIKAR,RAJASTHAN,N,2000,66,102,0
2459,859,SPINACH (Del/Nwl-Sum/Win),RA,6659.00,NORTH WEST DELHI,DELHI,N,2000,33,39,0
2460,859,SPINACH (Del/Nwl-Sum/Win),RA,9163.00,NORTH WEST DELHI,DELHI,N,2000,33,41,0
2461,857,FENUGREEK (Del/Nwl-Win),RA,4778.00,NORTH WEST DELHI,DELHI,N,2000,40,47,0
2464,812,CAULIFLOWER (RA),KH,18970.00,PUNE,MAHARASHTRA,N,2000,65,99,0
2465,859,SPINACH (Del/Nwl-Sum/Win),RA,5115.00,NORTH WEST DELHI,DELHI,N,2000,21,40,0
2466,811,CABBAGE (RA),RA,14471.00,PUNE,MAHARASHTRA,N,2000,41,47,0
2468,858,CORIANDER – Leaf (Del/Nwl-Sum/Win),RA,793.00,NORTH WEST DELHI,DELHI,N,2000,33,41,0
2472,859,SPINACH (Del/Nwl-Sum/Win),RA,1963.00,NORTH DELHI,DELHI,N,2000,33,39,0
2473,814,BEANS - FRENCH (Bush Type) (RA),RA,593.00,BULANDSHAHR,UTTAR PRADESH,N,2000,37,68,0
2476,814,BEANS - FRENCH (Bush Type) (RA),RA,539.00,BULANDSHAHR,UTTAR PRADESH,N,2000,48,67,0
2477,814,BEANS - FRENCH (Bush Type) (RA),RA,485.50,BULANDSHAHR,UTTAR PRADESH,N,2000,51,67,0
2480,879,KNOL KHOL (Del/Nwl-Win),RA,189.00,NORTH DELHI,DELHI,N,2000,47,69,0
2481,857,FENUGREEK (Del/Nwl-Win),RA,201.00,NORTH DELHI,DELHI,N,2000,34,55,0
2482,876,TOMATO ROUND DESI (Del/Nwl-Win),RA,1129.50,BULANDSHAHR,UTTAR PRADESH,N,2000,96,127,3
2487,831,WATERMELON (RA),RA,12300.00,AHMEDNAGAR,MAHARASHTRA,N,2000,74,89,0
2488,874,TOMATO OVAL (Del/Nwl-Win),RA,9688.00,JHUNJHUNU,RAJASTHAN,N,2000,124,165,0
2489,853,RADISH (Asiatic) (Del/Nwl/Pun-Win),RA,4374.00,SIKAR,RAJASTHAN,N,2000,42,59,0
2490,818,ONION - RED (RA),RA,8527.00,AHMEDNAGAR,MAHARASHTRA,N,2000,73,78,0
2492,841,TOMATO ROUND DESI (RA),RA,7238.00,AHMEDNAGAR,MAHARASHTRA,N,2000,100,133,0
2493,825,CUCUMBER HYBRID (RA),RA,2535.00,AHMEDNAGAR,MAHARASHTRA,N,2000,81,89,0
2496,859,SPINACH (Del/Nwl-Sum/Win),RA,3859.00,NORTH DELHI,DELHI,N,2000,29,37,0
2497,812,CAULIFLOWER (RA),KH,8136.00,PUNE,MAHARASHTRA,N,2000,56,69,0
2499,841,TOMATO ROUND DESI (RA),RA,7192.00,PUNE,MAHARASHTRA,N,2000,92,115,0
2500,860,CAULIFLOWER (Del/Nwl-Win),RA,2380.00,JHUNJHUNU,RAJASTHAN,N,2000,55,90,0
2504,814,BEANS - FRENCH (Bush Type) (RA),RA,585.50,BULANDSHAHR,UTTAR PRADESH,N,2000,41,66,0
2505,876,TOMATO ROUND DESI (Del/Nwl-Win),RA,141.50,BULANDSHAHR,UTTAR PRADESH,N,2000,95,128,2
2510,876,TOMATO ROUND DESI (Del/Nwl-Win),RA,5779.00,BULANDSHAHR,UTTAR PRADESH,N,2000,100,127,2
2512,874,TOMATO OVAL (Del/Nwl-Win),RA,7281.00,BULANDSHAHR,UTTAR PRADESH,N,2000,93,128,3
2517,811,CABBAGE (RA),RA,2800.00,PUNE,MAHARASHTRA,N,2000,48,55,0
2523,354,GREEN CHILLI (BM1),RA,1500.00,BELGAUM,KARNATAKA,C,1000,102,121,0
2525,354,GREEN CHILLI (BM1),ZA,3250.00,BELGAUM,KARNATAKA,C,1000,135,169,0
2529,876,TOMATO ROUND DESI (Del/Nwl-Win),RA,1180.00,BULANDSHAHR,UTTAR PRADESH,N,2000,101,129,4
2530,801,TOMATO HYBRID (RA),RA,21000.00,PUNE,MAHARASHTRA,N,2000,81,130,0
2533,875,TOMATO ROUND DESI (Del/Nwl-Sum),ZA,263.00,BULANDSHAHR,UTTAR PRADESH,N,2000,78,98,0
2534,812,CAULIFLOWER (RA),RA,14000.00,PUNE,MAHARASHTRA,N,2000,45,72,0
2539,805,BEETROOT (RA),RA,2545.00,AHMEDNAGAR,MAHARASHTRA,N,2000,66,75,0
2540,825,CUCUMBER HYBRID (RA),RA,1597.00,AHMEDNAGAR,MAHARASHTRA,N,2000,69,82,0
2558,811,CABBAGE (RA),RA,2217.00,AHMEDNAGAR,MAHARASHTRA,N,2000,62,68,0
2560,832,BROCCOLI (RA),KH,1560.00,AHMEDNAGAR,MAHARASHTRA,N,2000,60,68,0
2564,853,RADISH (Asiatic) (Del/Nwl/Pun-Win),RA,1953.00,AHMEDNAGAR,MAHARASHTRA,N,2000,50,57,0
2565,853,RADISH (Asiatic) (Del/Nwl/Pun-Win),RA,1150.00,AHMEDNAGAR,MAHARASHTRA,N,2000,47,56,0
2580,869,PEAS GREEN (Del/Nwl-Win),RA,1498.00,JHUNJHUNU,RAJASTHAN,N,2000,43,101,0
2583,853,RADISH (Asiatic) (Del/Nwl/Pun-Win),RA,880.00,JHUNJHUNU,RAJASTHAN,N,2000,46,56,0
2584,853,RADISH (Asiatic) (Del/Nwl/Pun-Win),RA,3363.00,JHUNJHUNU,RAJASTHAN,N,2000,48,57,0
2585,859,SPINACH (Del/Nwl-Sum/Win),RA,4944.00,NORTH DELHI,DELHI,N,2000,32,38,0
2587,859,SPINACH (Del/Nwl-Sum/Win),RA,7045.00,NORTH WEST DELHI,DELHI,N,2000,33,39,0
2592,857,FENUGREEK (Del/Nwl-Win),RA,635.00,NORTH DELHI,DELHI,N,2000,27,46,0
2593,859,SPINACH (Del/Nwl-Sum/Win),ZA,2983.00,NORTH DELHI,DELHI,N,2000,25,45,0
2604,356,RIDGE GOURD (BM1),RA,3500.00,KOLAR,KARNATAKA,C,4000,113,117,0
2606,359,BHENDI (BM1),RA,1100.00,BELGAUM,KARNATAKA,C,1000,79,82,0
2608,358,TOMATO (BM1),RA,7000.00,KOLAR,KARNATAKA,C,4000,122,146,0
2611,811,CABBAGE (RA),RA,7870.00,PUNE,MAHARASHTRA,N,2000,49,55,0
2613,858,CORIANDER – Leaf (Del/Nwl-Sum/Win),RA,544.00,JHUNJHUNU,RAJASTHAN,N,2000,44,49,0
2615,873,TOMATO OVAL (Del/Nwl-Sum),ZA,7614.00,JHUNJHUNU,RAJASTHAN,N,2000,96,108,0
2655,869,PEAS GREEN (Del/Nwl-Win),RA,1187.00,SIKAR,RAJASTHAN,N,2000,67,103,0
2656,869,PEAS GREEN (Del/Nwl-Win),RA,2376.00,SIKAR,RAJASTHAN,N,2000,58,103,0
2657,869,PEAS GREEN (Del/Nwl-Win),RA,1469.00,SIKAR,RAJASTHAN,N,2000,63,103,0
2658,869,PEAS GREEN (Del/Nwl-Win),RA,468.00,SIKAR,RAJASTHAN,N,2000,61,103,0
2659,869,PEAS GREEN (Del/Nwl-Win),RA,5266.00,SIKAR,RAJASTHAN,N,2000,65,103,0
2661,869,PEAS GREEN (Del/Nwl-Win),RA,840.00,SIKAR,RAJASTHAN,N,2000,62,105,0
2662,869,PEAS GREEN (Del/Nwl-Win),RA,2564.00,SIKAR,RAJASTHAN,N,2000,55,103,0
2692,818,ONION - RED (RA),RA,13910.00,PUNE,MAHARASHTRA,N,2000,59,85,0
2697,801,TOMATO HYBRID (RA),RA,14758.00,PUNE,MAHARASHTRA,N,2000,93,130,0
2698,811,CABBAGE (RA),RA,13808.00,PUNE,MAHARASHTRA,N,2000,59,67,0
2700,801,TOMATO HYBRID (RA),RA,8000.00,PUNE,MAHARASHTRA,N,2000,86,132,0
2701,801,TOMATO HYBRID (RA),RA,8000.00,PUNE,MAHARASHTRA,N,2000,92,132,0
2706,818,ONION - RED (RA),RA,13910.00,PUNE,MAHARASHTRA,N,2000,63,86,0
2725,824,CORIANDER – Leaf (RA),RA,3.60,K.V.RANGAREDDY,TELANGANA,N,2000,24,29,0
2726,810,SPINACH (RA),RA,46.40,K.V.RANGAREDDY,TELANGANA,N,2000,29,38,0
2728,803,LADY FINGER (RA),RA,74.63,K.V.RANGAREDDY,TELANGANA,N,2000,93,124,0
2748,801,TOMATO HYBRID (RA),ZA,6566.00,AHMEDNAGAR,MAHARASHTRA,N,2000,117,130,3
2755,811,CABBAGE (RA),RA,17000.00,PUNE,MAHARASHTRA,N,2000,66,73,0
2757,888,WATERMELON  (Del/Nwl-Sum),ZA,1294.00,JHUNJHUNU,RAJASTHAN,N,2000,53,84,0
2760,801,TOMATO HYBRID (RA),RA,1400.00,PUNE,MAHARASHTRA,N,2000,86,132,0
2763,859,SPINACH (Del/Nwl-Sum/Win),RA,5198.00,NORTH DELHI,DELHI,N,2000,29,38,0
2767,801,TOMATO HYBRID (RA),ZA,13026.00,AHMEDNAGAR,MAHARASHTRA,N,2000,95,132,0
2768,801,TOMATO HYBRID (RA),ZA,6654.00,AHMEDNAGAR,MAHARASHTRA,N,2000,87,132,0
2770,801,TOMATO HYBRID (RA),ZA,1364.00,AHMEDNAGAR,MAHARASHTRA,N,2000,90,130,0
2771,875,TOMATO ROUND DESI (Del/Nwl-Sum),ZA,5710.00,JHUNJHUNU,RAJASTHAN,N,2000,82,109,1
2773,888,WATERMELON  (Del/Nwl-Sum),ZA,1887.00,JHUNJHUNU,RAJASTHAN,N,2000,66,84,0
2775,888,WATERMELON  (Del/Nwl-Sum),ZA,2287.00,SIKAR,RAJASTHAN,N,2000,67,84,0
2778,354,GREEN CHILLI (BM1),RA,1500.00,BELGAUM,KARNATAKA,C,1000,91,121,0
2783,888,WATERMELON  (Del/Nwl-Sum),ZA,1411.00,JHUNJHUNU,RAJASTHAN,N,2000,71,84,1
2784,888,WATERMELON  (Del/Nwl-Sum),ZA,9158.00,JHUNJHUNU,RAJASTHAN,N,2000,63,82,0
2785,835,PUMPKIN - GREEN (RA),ZA,7500.00,K.V.RANGAREDDY,TELANGANA,N,2000,63,106,0
2789,351,CABBAGE (BM1),RA,10000.00,KOLAR,KARNATAKA,C,4000,63,66,0
2791,888,WATERMELON  (Del/Nwl-Sum),ZA,1130.00,JHUNJHUNU,RAJASTHAN,N,2000,74,85,0
2792,885,BITTERGOURD (Del/Nwl-Sum),ZA,2607.00,JHUNJHUNU,RAJASTHAN,N,2000,89,135,0
2794,805,BEETROOT (RA),ZA,7929.00,AHMEDNAGAR,MAHARASHTRA,N,2000,60,66,0
2795,811,CABBAGE (RA),ZA,5826.00,AHMEDNAGAR,MAHARASHTRA,N,2000,55,61,0
2796,818,ONION - RED (RA),ZA,6660.00,AHMEDNAGAR,MAHARASHTRA,N,2000,68,77,0
2805,801,TOMATO HYBRID (RA),ZA,4000.00,PUNE,MAHARASHTRA,N,2000,62,132,0
2806,801,TOMATO HYBRID (RA),RA,25000.00,PUNE,MAHARASHTRA,N,2000,86,130,0
2809,801,TOMATO HYBRID (RA),ZA,7000.00,PUNE,MAHARASHTRA,N,2000,85,132,0
2810,841,TOMATO ROUND DESI (RA),ZA,1105.00,AHMEDNAGAR,MAHARASHTRA,N,2000,117,134,1
2811,801,TOMATO HYBRID (RA),ZA,815.00,AHMEDNAGAR,MAHARASHTRA,N,2000,112,131,1
2812,873,TOMATO OVAL (Del/Nwl-Sum),ZA,3341.00,JHUNJHUNU,RAJASTHAN,N,2000,98,128,0
2813,812,CAULIFLOWER (RA),RA,8000.00,PUNE,MAHARASHTRA,N,2000,46,93,0
2814,805,BEETROOT (RA),ZA,3697.00,AHMEDNAGAR,MAHARASHTRA,N,2000,72,78,0
2816,853,RADISH (Asiatic) (Del/Nwl/Pun-Win),RA,6372.00,AHMEDNAGAR,MAHARASHTRA,N,2000,45,47,0
2817,812,CAULIFLOWER (RA),RA,3543.00,AHMEDNAGAR,MAHARASHTRA,N,2000,59,70,0
2821,889,PUMPKIN - GREEN  (Del/Nwl-Sum),ZA,5426.00,NORTH DELHI,DELHI,N,2000,99,108,1
2824,859,SPINACH (Del/Nwl-Sum/Win),ZA,2681.00,NORTH WEST DELHI,DELHI,N,2000,28,45,0
2825,873,TOMATO OVAL (Del/Nwl-Sum),ZA,3631.00,JHUNJHUNU,RAJASTHAN,N,2000,78,110,0
2828,859,SPINACH (Del/Nwl-Sum/Win),ZA,5992.00,NORTH DELHI,DELHI,N,2000,36,45,0
2831,811,CABBAGE (RA),RA,2500.00,PUNE,MAHARASHTRA,N,2000,63,68,0
2832,812,CAULIFLOWER (RA),RA,2299.00,PUNE,MAHARASHTRA,N,2000,80,93,0
2833,812,CAULIFLOWER (RA),KH,17452.00,PUNE,MAHARASHTRA,N,2000,58,78,0
2839,825,CUCUMBER HYBRID (RA),ZA,5463.00,AHMEDNAGAR,MAHARASHTRA,N,2000,75,82,0
2843,853,RADISH (Asiatic) (Del/Nwl/Pun-Win),RA,1507.00,JHUNJHUNU,RAJASTHAN,N,2000,44,56,0
2844,885,BITTERGOURD (Del/Nwl-Sum),ZA,1866.00,JHUNJHUNU,RAJASTHAN,N,2000,89,137,0
2870,873,TOMATO OVAL (Del/Nwl-Sum),ZA,10249.00,JHUNJHUNU,RAJASTHAN,N,2000,74,111,1
2871,885,BITTERGOURD (Del/Nwl-Sum),ZA,6907.00,JHUNJHUNU,RAJASTHAN,N,2000,105,138,0
2875,855,BEETROOT (Del/Nwl-Win),RA,3415.00,JHUNJHUNU,RAJASTHAN,N,2000,50,100,0
2880,859,SPINACH (Del/Nwl-Sum/Win),ZA,7505.00,NORTH WEST DELHI,DELHI,N,2000,35,46,0
2883,859,SPINACH (Del/Nwl-Sum/Win),ZA,7901.00,NORTH WEST DELHI,DELHI,N,2000,33,43,0
2884,889,PUMPKIN - GREEN  (Del/Nwl-Sum),ZA,414.00,NORTH WEST DELHI,DELHI,N,2000,81,111,5
2887,889,PUMPKIN - GREEN  (Del/Nwl-Sum),ZA,382.00,NORTH DELHI,DELHI,N,2000,86,110,6
2889,859,SPINACH (Del/Nwl-Sum/Win),ZA,1534.00,NORTH DELHI,DELHI,N,2000,31,45,0
2890,805,BEETROOT (RA),RA,5230.00,AHMEDNAGAR,MAHARASHTRA,N,2000,68,76,0
2891,853,RADISH (Asiatic) (Del/Nwl/Pun-Win),RA,5800.00,JHUNJHUNU,RAJASTHAN,N,2000,44,55,0
2908,358,TOMATO (BM1),ZA,3000.00,BELGAUM,KARNATAKA,C,1000,127,146,0
2917,811,CABBAGE (RA),RA,4600.00,AHMEDNAGAR,MAHARASHTRA,N,2000,50,52,0
2930,859,SPINACH (Del/Nwl-Sum/Win),ZA,5129.00,NORTH DELHI,DELHI,N,2000,37,44,0
2931,859,SPINACH (Del/Nwl-Sum/Win),ZA,4382.00,NORTH DELHI,DELHI,N,2000,36,43,0
2932,873,TOMATO OVAL (Del/Nwl-Sum),ZA,6000.00,JHUNJHUNU,RAJASTHAN,N,2000,84,111,0
2934,858,CORIANDER – Leaf (Del/Nwl-Sum/Win),ZA,1500.00,JHUNJHUNU,RAJASTHAN,N,2000,32,52,0
2936,889,PUMPKIN - GREEN  (Del/Nwl-Sum),ZA,2968.00,JHUNJHUNU,RAJASTHAN,N,2000,90,128,2
2937,831,WATERMELON (RA),RA,19608.00,AHMEDNAGAR,MAHARASHTRA,N,2000,47,62,0
2941,804,CLUSTER BEAN (RA),RA,1.50,PUNE,MAHARASHTRA,N,2000,72,77,0
2943,807,BOTTLEGOURD (RA),ZA,170.00,PUNE,MAHARASHTRA,N,2000,80,95,0
2946,853,RADISH (Asiatic) (Del/Nwl/Pun-Win),RA,156.00,PUNE,MAHARASHTRA,N,2000,48,48,0
2952,885,BITTERGOURD (Del/Nwl-Sum),ZA,818.00,JHUNJHUNU,RAJASTHAN,N,2000,77,138,1
2957,812,CAULIFLOWER (RA),RA,3925.00,AHMEDNAGAR,MAHARASHTRA,N,2000,69,89,0
2958,873,TOMATO OVAL (Del/Nwl-Sum),ZA,1966.00,JHUNJHUNU,RAJASTHAN,N,2000,90,112,0
2960,873,TOMATO OVAL (Del/Nwl-Sum),ZA,20021.00,JHUNJHUNU,RAJASTHAN,N,2000,74,109,4
2961,888,WATERMELON  (Del/Nwl-Sum),ZA,17656.00,JHUNJHUNU,RAJASTHAN,N,2000,60,87,0
2962,888,WATERMELON  (Del/Nwl-Sum),ZA,4503.00,JHUNJHUNU,RAJASTHAN,N,2000,56,86,0
2964,873,TOMATO OVAL (Del/Nwl-Sum),ZA,10985.00,JHUNJHUNU,RAJASTHAN,N,2000,69,111,4
2974,806,BITTERGOURD (RA),ZA,3000.00,PUNE,MAHARASHTRA,N,2000,83,92,0
2987,888,WATERMELON  (Del/Nwl-Sum),ZA,5210.00,JHUNJHUNU,RAJASTHAN,N,2000,53,89,0
2990,801,TOMATO HYBRID (RA),ZA,700.00,AHMEDNAGAR,MAHARASHTRA,N,2000,88,89,0
2991,803,LADY FINGER (RA),ZA,1500.00,AHMEDNAGAR,MAHARASHTRA,N,2000,68,69,0
2992,801,TOMATO HYBRID (RA),ZA,10787.00,AHMEDNAGAR,MAHARASHTRA,N,2000,82,89,0
2993,811,CABBAGE (RA),RA,9559.00,AHMEDNAGAR,MAHARASHTRA,N,2000,41,41,0
2994,801,TOMATO HYBRID (RA),ZA,8166.00,AHMEDNAGAR,MAHARASHTRA,N,2000,82,89,2
2996,801,TOMATO HYBRID (RA),ZA,763.00,AHMEDNAGAR,MAHARASHTRA,N,2000,72,108,2
2997,812,CAULIFLOWER (RA),RA,1000.00,AHMEDNAGAR,MAHARASHTRA,N,2000,39,52,0
2998,801,TOMATO HYBRID (RA),ZA,8069.00,AHMEDNAGAR,MAHARASHTRA,N,2000,80,89,2
2999,801,TOMATO HYBRID (RA),ZA,8178.00,AHMEDNAGAR,MAHARASHTRA,N,2000,82,89,2
3002,801,TOMATO HYBRID (RA),ZA,5681.00,AHMEDNAGAR,MAHARASHTRA,N,2000,77,89,0
3003,801,TOMATO HYBRID (RA),ZA,24245.00,AHMEDNAGAR,MAHARASHTRA,N,2000,79,89,0
3004,801,TOMATO HYBRID (RA),ZA,922.00,AHMEDNAGAR,MAHARASHTRA,N,2000,84,107,1
3006,888,WATERMELON  (Del/Nwl-Sum),ZA,8439.00,JHUNJHUNU,RAJASTHAN,N,2000,64,84,0
3007,801,TOMATO HYBRID (RA),ZA,11739.00,AHMEDNAGAR,MAHARASHTRA,N,2000,81,107,0
3008,801,TOMATO HYBRID (RA),ZA,1929.00,AHMEDNAGAR,MAHARASHTRA,N,2000,80,107,2
3009,825,CUCUMBER HYBRID (RA),ZA,4664.00,AHMEDNAGAR,MAHARASHTRA,N,2000,70,74,0
3010,853,RADISH (Asiatic) (Del/Nwl/Pun-Win),RA,1000.00,AHMEDNAGAR,MAHARASHTRA,N,2000,35,37,0
3013,873,TOMATO OVAL (Del/Nwl-Sum),ZA,4325.00,JHUNJHUNU,RAJASTHAN,N,2000,71,111,0
3014,873,TOMATO OVAL (Del/Nwl-Sum),ZA,5982.00,JHUNJHUNU,RAJASTHAN,N,2000,72,110,1
3015,873,TOMATO OVAL (Del/Nwl-Sum),ZA,6043.00,JHUNJHUNU,RAJASTHAN,N,2000,37,110,0
3016,873,TOMATO OVAL (Del/Nwl-Sum),ZA,3865.00,JHUNJHUNU,RAJASTHAN,N,2000,77,109,0
3020,811,CABBAGE (RA),ZA,3952.00,AHMEDNAGAR,MAHARASHTRA,N,2000,40,43,1
3021,801,TOMATO HYBRID (RA),ZA,3547.00,AHMEDNAGAR,MAHARASHTRA,N,2000,74,92,2
3022,841,TOMATO ROUND DESI (RA),ZA,3033.00,AHMEDNAGAR,MAHARASHTRA,N,2000,76,109,3
3034,888,WATERMELON  (Del/Nwl-Sum),ZA,6175.00,JHUNJHUNU,RAJASTHAN,N,2000,66,86,1
3035,888,WATERMELON  (Del/Nwl-Sum),ZA,7276.00,SIKAR,RAJASTHAN,N,2000,70,87,0
3036,888,WATERMELON  (Del/Nwl-Sum),ZA,17092.00,SIKAR,RAJASTHAN,N,2000,72,88,0
3039,841,TOMATO ROUND DESI (RA),ZA,8534.00,AHMEDNAGAR,MAHARASHTRA,N,2000,78,88,0
3053,806,BITTERGOURD (RA),ZA,1000.00,PUNE,MAHARASHTRA,N,2000,78,93,0
3054,825,CUCUMBER HYBRID (RA),ZA,1.00,PUNE,MAHARASHTRA,N,2000,52,73,0
3055,812,CAULIFLOWER (RA),RA,3000.00,PUNE,MAHARASHTRA,N,2000,41,55,0
3074,801,TOMATO HYBRID (RA),ZA,4000.00,PUNE,MAHARASHTRA,N,2000,66,107,0
3075,888,WATERMELON  (Del/Nwl-Sum),ZA,28.00,SIKAR,RAJASTHAN,N,2000,72,88,0
3076,873,TOMATO OVAL (Del/Nwl-Sum),ZA,15539.00,JHUNJHUNU,RAJASTHAN,N,2000,78,110,0
3081,888,WATERMELON  (Del/Nwl-Sum),ZA,14316.00,SIKAR,RAJASTHAN,N,2000,56,86,0
3083,888,WATERMELON  (Del/Nwl-Sum),ZA,8181.00,JHUNJHUNU,RAJASTHAN,N,2000,64,86,0
3089,888,WATERMELON  (Del/Nwl-Sum),ZA,3164.00,JHUNJHUNU,RAJASTHAN,N,2000,49,86,0
3092,817,CHILLI - GREEN,ZA,143.00,AHMEDNAGAR,MAHARASHTRA,N,2000,72,139,0
3093,891,CLUSTER BEAN (Nwl-Sum),ZA,174.00,JHUNJHUNU,RAJASTHAN,N,2000,77,107,1
3094,889,PUMPKIN - GREEN  (Del/Nwl-Sum),ZA,1731.00,SIKAR,RAJASTHAN,N,2000,67,121,0
3097,888,WATERMELON  (Del/Nwl-Sum),ZA,6022.00,SIKAR,RAJASTHAN,N,2000,73,87,0
3099,355,CUCUMBER (BM1),ZA,1000.00,BELGAUM,KARNATAKA,C,1000,70,106,0
3103,873,TOMATO OVAL (Del/Nwl-Sum),ZA,4281.00,JHUNJHUNU,RAJASTHAN,N,2000,104,127,1
3104,841,TOMATO ROUND DESI (RA),ZA,10296.00,AHMEDNAGAR,MAHARASHTRA,N,2000,76,111,0
3105,888,WATERMELON  (Del/Nwl-Sum),ZA,1470.00,SIKAR,RAJASTHAN,N,2000,70,84,0
3107,801,TOMATO HYBRID (RA),ZA,917.00,PUNE,MAHARASHTRA,N,2000,73,106,0
3112,801,TOMATO HYBRID (RA),ZA,3763.00,PUNE,MAHARASHTRA,N,2000,82,92,0
3117,886,CUCUMBER HYBRID (Del/Nwl - Sum),ZA,596.00,NORTH WEST DELHI,DELHI,N,2000,88,96,0
3118,884,BOTTLEGOURD (Del/Nwl-Sum),ZA,3.00,NORTH WEST DELHI,DELHI,N,2000,118,128,1
3121,888,WATERMELON  (Del/Nwl-Sum),ZA,1553.00,JHUNJHUNU,RAJASTHAN,N,2000,73,90,0
3124,871,SPRING ONION (Del/Nwl-Sum/Win),ZA,1194.00,NORTH DELHI,DELHI,N,2000,52,64,0
3126,858,CORIANDER – Leaf (Del/Nwl-Sum/Win),ZA,1063.00,NORTH DELHI,DELHI,N,2000,39,42,0
3129,858,CORIANDER – Leaf (Del/Nwl-Sum/Win),ZA,1012.00,NORTH DELHI,DELHI,N,2000,36,42,1
3135,859,SPINACH (Del/Nwl-Sum/Win),ZA,1418.00,NORTH DELHI,DELHI,N,2000,26,46,0
3138,858,CORIANDER – Leaf (Del/Nwl-Sum/Win),ZA,3399.00,SONIPAT,HARYANA,N,2000,33,41,0
3144,859,SPINACH (Del/Nwl-Sum/Win),ZA,1901.00,NORTH DELHI,DELHI,N,2000,32,45,0
3146,859,SPINACH (Del/Nwl-Sum/Win),ZA,3559.00,NORTH WEST DELHI,DELHI,N,2000,29,45,0
3157,811,CABBAGE (RA),ZA,4905.00,AHMEDNAGAR,MAHARASHTRA,N,2000,47,53,0
3158,812,CAULIFLOWER (RA),RA,3100.00,AHMEDNAGAR,MAHARASHTRA,N,2000,44,62,0
3159,801,TOMATO HYBRID (RA),ZA,2697.00,AHMEDNAGAR,MAHARASHTRA,N,2000,62,82,1
3161,825,CUCUMBER HYBRID (RA),ZA,897.00,AHMEDNAGAR,MAHARASHTRA,N,2000,68,74,3
3166,801,TOMATO HYBRID (RA),RA,15580.00,AHMEDNAGAR,MAHARASHTRA,N,2000,64,91,0
3167,805,BEETROOT (RA),ZA,176.00,AHMEDNAGAR,MAHARASHTRA,N,2000,49,56,0
3168,853,RADISH (Asiatic) (Del/Nwl/Pun-Win),RA,176.00,AHMEDNAGAR,MAHARASHTRA,N,2000,35,37,0
3169,806,BITTERGOURD (RA),RA,559.00,AHMEDNAGAR,MAHARASHTRA,N,2000,98,114,0
3178,805,BEETROOT (RA),RA,6021.00,AHMEDNAGAR,MAHARASHTRA,N,2000,39,40,0
3180,831,WATERMELON (RA),ZA,6271.00,AHMEDNAGAR,MAHARASHTRA,N,2000,72,87,0
3182,888,WATERMELON  (Del/Nwl-Sum),ZA,3010.00,JHUNJHUNU,RAJASTHAN,N,2000,57,85,1
3184,888,WATERMELON  (Del/Nwl-Sum),ZA,3980.00,JHUNJHUNU,RAJASTHAN,N,2000,63,85,0
3185,888,WATERMELON  (Del/Nwl-Sum),ZA,6686.00,JHUNJHUNU,RAJASTHAN,N,2000,42,85,0
3186,873,TOMATO OVAL (Del/Nwl-Sum),ZA,660.00,JHUNJHUNU,RAJASTHAN,N,2000,67,112,1
3190,812,CAULIFLOWER (RA),RA,4466.00,AHMEDNAGAR,MAHARASHTRA,N,2000,43,52,0
3192,357,BITTERGOURD (BM1),ZA,1000.00,BELGAUM,KARNATAKA,C,1000,114,179,0
3193,357,BITTERGOURD (BM1),ZA,1000.00,BELGAUM,KARNATAKA,C,1000,114,179,0
3194,357,BITTERGOURD (BM1),ZA,1000.00,BELGAUM,KARNATAKA,C,1000,114,179,0
3197,357,BITTERGOURD (BM1),ZA,1000.00,BELGAUM,KARNATAKA,C,1000,109,179,0
3198,357,BITTERGOURD (BM1),ZA,1500.00,BELGAUM,KARNATAKA,C,1000,110,179,0
3199,357,BITTERGOURD (BM1),ZA,1500.00,BELGAUM,KARNATAKA,C,1000,110,179,0
3200,357,BITTERGOURD (BM1),ZA,1000.00,BELGAUM,KARNATAKA,C,1000,114,179,0
3202,889,PUMPKIN - GREEN  (Del/Nwl-Sum),ZA,332.00,JHUNJHUNU,RAJASTHAN,N,2000,62,125,2
3203,885,BITTERGOURD (Del/Nwl-Sum),ZA,131.00,JHUNJHUNU,RAJASTHAN,N,2000,74,134,1
3208,885,BITTERGOURD (Del/Nwl-Sum),ZA,1717.00,JHUNJHUNU,RAJASTHAN,N,2000,71,135,1
3227,886,CUCUMBER HYBRID (Del/Nwl - Sum),ZA,5125.00,BULANDSHAHR,UTTAR PRADESH,N,2000,55,96,8
3228,885,BITTERGOURD (Del/Nwl-Sum),ZA,754.00,JHUNJHUNU,RAJASTHAN,N,2000,81,135,1
3229,873,TOMATO OVAL (Del/Nwl-Sum),ZA,3229.00,JHUNJHUNU,RAJASTHAN,N,2000,88,111,0
3238,888,WATERMELON  (Del/Nwl-Sum),ZA,3089.00,JHUNJHUNU,RAJASTHAN,N,2000,68,89,0
3245,854,BEETROOT (Del/Nwl-Sum),ZA,45.00,JHUNJHUNU,RAJASTHAN,N,2000,62,89,0
3256,888,WATERMELON  (Del/Nwl-Sum),ZA,5282.00,JHUNJHUNU,RAJASTHAN,N,2000,64,85,0
3257,887,MUSKMELON  (Del/Nwl-Sum),ZA,3743.00,JHUNJHUNU,RAJASTHAN,N,2000,59,76,0
3258,885,BITTERGOURD (Del/Nwl-Sum),ZA,568.00,JHUNJHUNU,RAJASTHAN,N,2000,68,139,1
3259,894,DESI TINDA  (Del/Nwl-Sum),ZA,1655.00,JHUNJHUNU,RAJASTHAN,N,2000,74,86,1
3260,873,TOMATO OVAL (Del/Nwl-Sum),ZA,1800.00,JHUNJHUNU,RAJASTHAN,N,2000,82,127,0
3263,888,WATERMELON  (Del/Nwl-Sum),ZA,2247.00,SIKAR,RAJASTHAN,N,2000,53,87,1
3274,888,WATERMELON  (Del/Nwl-Sum),ZA,8938.00,JHUNJHUNU,RAJASTHAN,N,2000,67,90,0
3275,873,TOMATO OVAL (Del/Nwl-Sum),ZA,12573.50,JHUNJHUNU,RAJASTHAN,N,2000,86,113,0
3276,888,WATERMELON  (Del/Nwl-Sum),ZA,3629.00,JHUNJHUNU,RAJASTHAN,N,2000,74,87,0
3277,873,TOMATO OVAL (Del/Nwl-Sum),ZA,1660.00,JHUNJHUNU,RAJASTHAN,N,2000,86,113,0
3278,873,TOMATO OVAL (Del/Nwl-Sum),ZA,2535.00,JHUNJHUNU,RAJASTHAN,N,2000,91,113,0
3279,888,WATERMELON  (Del/Nwl-Sum),ZA,5363.00,JHUNJHUNU,RAJASTHAN,N,2000,69,86,0
3282,873,TOMATO OVAL (Del/Nwl-Sum),ZA,483.00,JHUNJHUNU,RAJASTHAN,N,2000,76,110,2
3287,355,CUCUMBER (BM1),ZA,7000.00,BELGAUM,KARNATAKA,C,1000,102,106,0
3293,888,WATERMELON  (Del/Nwl-Sum),ZA,6885.00,JHUNJHUNU,RAJASTHAN,N,2000,62,83,1
3295,888,WATERMELON  (Del/Nwl-Sum),ZA,3165.00,JHUNJHUNU,RAJASTHAN,N,2000,51,86,1
3296,888,WATERMELON  (Del/Nwl-Sum),ZA,13813.00,JHUNJHUNU,RAJASTHAN,N,2000,68,88,0
3298,801,TOMATO HYBRID (RA),ZA,4000.00,PUNE,MAHARASHTRA,N,2000,63,106,0
3300,851,RIDGE GOURD (RA),ZA,4450.00,PUNE,MAHARASHTRA,N,2000,81,87,0
3301,801,TOMATO HYBRID (RA),ZA,11075.00,PUNE,MAHARASHTRA,N,2000,86,91,0
3307,858,CORIANDER – Leaf (Del/Nwl-Sum/Win),ZA,541.00,NORTH DELHI,DELHI,N,2000,33,42,2
3313,884,BOTTLEGOURD (Del/Nwl-Sum),ZA,85.00,SONIPAT,HARYANA,N,2000,113,124,3
3314,858,CORIANDER – Leaf (Del/Nwl-Sum/Win),ZA,2420.00,SONIPAT,HARYANA,N,2000,32,42,0
3315,874,TOMATO OVAL (Del/Nwl-Win),RA,24.00,SONIPAT,HARYANA,N,2000,125,140,3
3316,873,TOMATO OVAL (Del/Nwl-Sum),ZA,7.00,SONIPAT,HARYANA,N,2000,73,101,6
3318,888,WATERMELON  (Del/Nwl-Sum),ZA,6369.00,JHUNJHUNU,RAJASTHAN,N,2000,58,88,0
3319,894,DESI TINDA  (Del/Nwl-Sum),ZA,1404.00,SIKAR,RAJASTHAN,N,2000,82,88,0
3322,801,TOMATO HYBRID (RA),ZA,3443.00,AHMEDNAGAR,MAHARASHTRA,N,2000,62,82,1
3337,873,TOMATO OVAL (Del/Nwl-Sum),ZA,2134.00,JHUNJHUNU,RAJASTHAN,N,2000,58,110,0
3339,888,WATERMELON  (Del/Nwl-Sum),ZA,11472.00,JHUNJHUNU,RAJASTHAN,N,2000,63,86,1
3345,886,CUCUMBER HYBRID (Del/Nwl - Sum),ZA,104.00,NORTH DELHI,DELHI,N,2000,61,103,6
3347,894,DESI TINDA  (Del/Nwl-Sum),ZA,11.00,NORTH DELHI,DELHI,N,2000,57,88,5
3348,896,LADY FINGER (Del-Sum),ZA,1175.00,NORTH DELHI,DELHI,N,2000,64,241,7
3352,858,CORIANDER – Leaf (Del/Nwl-Sum/Win),ZA,193.00,NORTH DELHI,DELHI,N,2000,25,43,6
3355,358,TOMATO (BM1),ZA,800.00,BELGAUM,KARNATAKA,C,1000,79,95,0
3356,354,GREEN CHILLI (BM1),ZA,1000.00,BELGAUM,KARNATAKA,C,1000,66,121,0
3359,873,TOMATO OVAL (Del/Nwl-Sum),ZA,3168.00,JHUNJHUNU,RAJASTHAN,N,2000,90,128,0
3366,803,LADY FINGER (RA),ZA,100.00,AHMEDNAGAR,MAHARASHTRA,N,2000,68,101,0
3394,886,CUCUMBER HYBRID (Del/Nwl - Sum),ZA,3265.00,NORTH DELHI,DELHI,N,2000,81,92,1
3398,858,CORIANDER – Leaf (Del/Nwl-Sum/Win),ZA,79.00,NORTH DELHI,DELHI,N,2000,31,43,1
3399,889,PUMPKIN - GREEN  (Del/Nwl-Sum),ZA,320.00,NORTH DELHI,DELHI,N,2000,67,112,5
3403,886,CUCUMBER HYBRID (Del/Nwl - Sum),ZA,335.00,NORTH WEST DELHI,DELHI,N,2000,80,95,6
3409,862,CORN SWEET (Del/Nwl-Sum),ZA,1398.00,NORTH WEST DELHI,DELHI,N,2000,40,49,2
3419,889,PUMPKIN - GREEN  (Del/Nwl-Sum),ZA,134.00,SONIPAT,HARYANA,N,2000,93,108,2
3423,886,CUCUMBER HYBRID (Del/Nwl - Sum),ZA,175.00,NORTH DELHI,DELHI,N,2000,82,91,3
3427,858,CORIANDER – Leaf (Del/Nwl-Sum/Win),ZA,390.00,SONIPAT,HARYANA,N,2000,33,42,3
3428,889,PUMPKIN - GREEN  (Del/Nwl-Sum),ZA,132.00,SONIPAT,HARYANA,N,2000,87,110,6
3432,889,PUMPKIN - GREEN  (Del/Nwl-Sum),ZA,45.00,NORTH DELHI,DELHI,N,2000,95,106,5
3433,884,BOTTLEGOURD (Del/Nwl-Sum),ZA,3.00,SONIPAT,HARYANA,N,2000,100,124,2
3434,887,MUSKMELON  (Del/Nwl-Sum),ZA,49.00,SONIPAT,HARYANA,N,2000,57,71,2
3436,862,CORN SWEET (Del/Nwl-Sum),ZA,130.00,SONIPAT,HARYANA,N,2000,33,51,3
3438,890,SPONGE GOURD (Del/Nwl - Sum),ZA,17.00,NORTH DELHI,DELHI,N,2000,110,212,7
3440,884,BOTTLEGOURD (Del/Nwl-Sum),ZA,49.00,NORTH DELHI,DELHI,N,2000,94,125,6
3441,889,PUMPKIN - GREEN  (Del/Nwl-Sum),ZA,233.00,NORTH DELHI,DELHI,N,2000,74,110,7
3442,886,CUCUMBER HYBRID (Del/Nwl - Sum),ZA,173.00,NORTH WEST DELHI,DELHI,N,2000,52,96,0
3444,896,LADY FINGER (Del-Sum),ZA,30.00,NORTH WEST DELHI,DELHI,N,2000,55,222,3
3446,858,CORIANDER – Leaf (Del/Nwl-Sum/Win),ZA,692.00,NORTH DELHI,DELHI,N,2000,32,42,0
3452,889,PUMPKIN - GREEN  (Del/Nwl-Sum),ZA,56.00,NORTH WEST DELHI,DELHI,N,2000,91,106,4
3454,884,BOTTLEGOURD (Del/Nwl-Sum),ZA,44.00,NORTH WEST DELHI,DELHI,N,2000,108,131,5
3463,886,CUCUMBER HYBRID (Del/Nwl - Sum),ZA,106.00,NORTH WEST DELHI,DELHI,N,2000,73,89,3
3467,889,PUMPKIN - GREEN  (Del/Nwl-Sum),ZA,780.00,JHUNJHUNU,RAJASTHAN,N,2000,63,124,0
3468,888,WATERMELON  (Del/Nwl-Sum),ZA,696.00,JHUNJHUNU,RAJASTHAN,N,2000,54,85,0
3469,885,BITTERGOURD (Del/Nwl-Sum),ZA,449.00,JHUNJHUNU,RAJASTHAN,N,2000,59,137,0
3488,894,DESI TINDA  (Del/Nwl-Sum),ZA,116.00,SIKAR,RAJASTHAN,N,2000,71,88,0
3489,883,LADY FINGER (Nwl-Sum),ZA,188.00,SIKAR,RAJASTHAN,N,2000,66,179,1
3491,811,CABBAGE (RA),ZA,261.00,K.V.RANGAREDDY,TELANGANA,N,2000,28,57,0
3503,888,WATERMELON  (Del/Nwl-Sum),ZA,4380.00,JHUNJHUNU,RAJASTHAN,N,2000,59,83,0
3504,889,PUMPKIN - GREEN  (Del/Nwl-Sum),ZA,4128.00,JHUNJHUNU,RAJASTHAN,N,2000,68,121,1
3505,889,PUMPKIN - GREEN  (Del/Nwl-Sum),ZA,1023.00,JHUNJHUNU,RAJASTHAN,N,2000,65,126,4
3506,888,WATERMELON  (Del/Nwl-Sum),ZA,2920.00,JHUNJHUNU,RAJASTHAN,N,2000,37,87,1
3515,859,SPINACH (Del/Nwl-Sum/Win),ZA,2121.00,NORTH WEST DELHI,DELHI,N,2000,32,45,0
3522,805,BEETROOT (RA),ZA,2622.00,AHMEDNAGAR,MAHARASHTRA,N,2000,43,51,0
3524,888,WATERMELON  (Del/Nwl-Sum),ZA,4545.00,JHUNJHUNU,RAJASTHAN,N,2000,55,87,1
3528,894,DESI TINDA  (Del/Nwl-Sum),ZA,399.00,JHUNJHUNU,RAJASTHAN,N,2000,61,86,0
3541,825,CUCUMBER HYBRID (RA),ZA,158.00,PUNE,MAHARASHTRA,N,2000,49,64,1
3559,357,BITTERGOURD (BM1),ZA,1500.00,BELGAUM,KARNATAKA,C,1000,86,179,0
3562,859,SPINACH (Del/Nwl-Sum/Win),ZA,815.00,NORTH DELHI,DELHI,N,2000,34,46,1
3567,894,DESI TINDA  (Del/Nwl-Sum),ZA,1772.00,SIKAR,RAJASTHAN,N,2000,73,87,0
3570,888,WATERMELON  (Del/Nwl-Sum),ZA,4439.00,SIKAR,RAJASTHAN,N,2000,60,83,0
3580,887,MUSKMELON  (Del/Nwl-Sum),ZA,1003.00,JHUNJHUNU,RAJASTHAN,N,2000,53,74,0
3582,888,WATERMELON  (Del/Nwl-Sum),ZA,1835.00,JHUNJHUNU,RAJASTHAN,N,2000,54,83,0
3585,888,WATERMELON  (Del/Nwl-Sum),ZA,1404.00,JHUNJHUNU,RAJASTHAN,N,2000,53,83,1
3600,883,LADY FINGER (Nwl-Sum),ZA,11.00,JHUNJHUNU,RAJASTHAN,N,2000,38,175,0
3609,894,DESI TINDA  (Del/Nwl-Sum),ZA,1420.00,SIKAR,RAJASTHAN,N,2000,48,87,0
3617,812,CAULIFLOWER (RA),KH,1835.00,AHMEDNAGAR,MAHARASHTRA,N,2000,43,63,0
3630,888,WATERMELON  (Del/Nwl-Sum),ZA,7455.00,JHUNJHUNU,RAJASTHAN,N,2000,55,83,2
3644,889,PUMPKIN - GREEN  (Del/Nwl-Sum),ZA,452.00,NORTH WEST DELHI,DELHI,N,2000,58,109,3
3664,859,SPINACH (Del/Nwl-Sum/Win),ZA,438.00,NORTH WEST DELHI,DELHI,N,2000,34,45,2
3689,888,WATERMELON  (Del/Nwl-Sum),ZA,1923.00,JHUNJHUNU,RAJASTHAN,N,2000,49,93,0
